datetime,open,high,low,close,volume
2026-02-06T20:00:00+00:00,202.54999999999995,205.52999999999994,202.28999999999994,204.58999999999995,8249
2026-02-09T14:00:00+00:00,204.58999999999995,210.09999999999994,200.42999999999995,209.41999999999993,7599
2026-02-09T15:00:00+00:00,209.41999999999993,212.12999999999994,208.35999999999993,211.58999999999995,10739
2026-02-09T16:00:00+00:00,211.58999999999995,212.99999999999994,211.06999999999994,212.20999999999995,6565
2026-02-09T17:00:00+00:00,212.20999999999995,212.96999999999994,211.51999999999995,211.83999999999995,4989
2026-02-09T18:00:00+00:00,211.83999999999995,213.14999999999995,210.57999999999993,212.76999999999995,5925
2026-02-09T19:00:00+00:00,212.76999999999995,213.85999999999993,212.68999999999994,213.04999999999995,4764
2026-02-09T20:00:00+00:00,213.04999999999995,213.06999999999994,211.83999999999995,212.08999999999995,6527
2026-02-10T14:00:00+00:00,212.08999999999995,215.58999999999995,210.51999999999995,211.94999999999993,6996
2026-02-10T15:00:00+00:00,211.94999999999993,213.39999999999995,211.16999999999993,212.97999999999993,8820
2026-02-10T16:00:00+00:00,212.97999999999993,214.02999999999994,212.28999999999994,212.40999999999994,7655
2026-02-10T17:00:00+00:00,212.40999999999994,212.57999999999993,211.41999999999993,212.21999999999994,4152
2026-02-10T18:00:00+00:00,212.21999999999994,212.38999999999993,210.36999999999995,211.59999999999994,5281
2026-02-10T19:00:00+00:00,211.59999999999994,211.84999999999994,211.01999999999995,211.39999999999995,3902
2026-02-10T20:00:00+00:00,211.39999999999995,211.39999999999995,209.40999999999994,209.94999999999993,5567
2026-02-11T14:00:00+00:00,209.94999999999993,215.84999999999994,209.94999999999993,211.88999999999993,9092
2026-02-11T15:00:00+00:00,211.88999999999993,212.11999999999995,205.41999999999993,210.53999999999994,16927
2026-02-11T16:00:00+00:00,210.53999999999994,210.96999999999994,207.37999999999994,207.51999999999995,11572
2026-02-11T17:00:00+00:00,207.51999999999995,208.71999999999994,206.02999999999994,207.53999999999994,8275
2026-02-11T18:00:00+00:00,207.53999999999994,207.83999999999995,206.42999999999995,207.37999999999994,6651
2026-02-11T19:00:00+00:00,207.37999999999994,210.47999999999993,207.14999999999995,209.06999999999994,6395
2026-02-11T20:00:00+00:00,209.06999999999994,210.45999999999995,208.71999999999994,209.63999999999993,6719
2026-02-12T14:00:00+00:00,209.63999999999993,214.65999999999994,207.93999999999994,208.50999999999993,7250
2026-02-12T15:00:00+00:00,208.50999999999993,210.72999999999993,206.34999999999994,206.41999999999993,10919
2026-02-12T16:00:00+00:00,206.41999999999993,207.02999999999994,202.12999999999994,204.09999999999994,14784
2026-02-12T17:00:00+00:00,204.09999999999994,205.54999999999995,203.02999999999994,203.76999999999995,10195
2026-02-12T18:00:00+00:00,203.76999999999995,204.72999999999993,202.96999999999994,203.45999999999995,9190
2026-02-12T19:00:00+00:00,203.45999999999995,204.17999999999995,202.45999999999995,202.66999999999993,8057
2026-02-12T20:00:00+00:00,202.66999999999993,203.46999999999994,201.39999999999995,202.18999999999994,9272
2026-02-13T14:00:00+00:00,202.18999999999994,206.18999999999994,200.22999999999993,202.56999999999994,9315
2026-02-13T15:00:00+00:00,202.56999999999994,205.43999999999994,200.30999999999995,201.99999999999994,17173
2026-02-13T16:00:00+00:00,201.99999999999994,204.25999999999993,201.42999999999995,203.56999999999994,11202
2026-02-13T17:00:00+00:00,203.56999999999994,205.41999999999993,203.31999999999994,204.90999999999994,6600
2026-02-13T18:00:00+00:00,204.90999999999994,205.71999999999994,204.21999999999994,204.66999999999993,7616
2026-02-13T19:00:00+00:00,204.66999999999993,204.81999999999994,202.87999999999994,203.04999999999995,6239
2026-02-13T20:00:00+00:00,203.04999999999995,204.09999999999994,202.76999999999995,203.61999999999995,9546
2026-02-17T14:00:00+00:00,203.61999999999995,203.61999999999995,192.38999999999993,192.38999999999993,2887
2026-02-17T15:00:00+00:00,192.38999999999993,196.28999999999994,191.09999999999994,196.28999999999994,6656
2026-02-17T16:00:00+00:00,196.28999999999994,199.78999999999994,196.17999999999995,199.31999999999994,6850
2026-02-17T17:00:00+00:00,199.31999999999994,199.43999999999994,197.51999999999995,198.72999999999993,6391
2026-02-17T18:00:00+00:00,198.72999999999993,200.54999999999995,197.98999999999995,200.11999999999995,5944
2026-02-17T19:00:00+00:00,200.11999999999995,201.19999999999993,199.85999999999993,199.96999999999994,5177
2026-02-17T20:00:00+00:00,199.96999999999994,200.50999999999993,198.26999999999995,199.43999999999994,5496
2026-02-18T14:00:00+00:00,199.43999999999994,199.43999999999994,191.36999999999995,194.40999999999994,6986
2026-02-18T15:00:00+00:00,194.40999999999994,198.50999999999993,193.85999999999993,197.90999999999994,9721
2026-02-18T16:00:00+00:00,197.90999999999994,199.14999999999995,197.52999999999994,198.04999999999995,6620
2026-02-18T17:00:00+00:00,198.04999999999995,199.34999999999994,197.99999999999994,198.81999999999994,5082
2026-02-18T18:00:00+00:00,198.81999999999994,199.43999999999994,197.23999999999995,197.76999999999995,5566
2026-02-18T19:00:00+00:00,197.76999999999995,197.90999999999994,193.83999999999995,194.07999999999996,7359
2026-02-18T20:00:00+00:00,194.07999999999996,196.65999999999994,193.61999999999995,196.43999999999994,7732
2026-02-19T14:00:00+00:00,196.43999999999994,199.04999999999993,194.54999999999995,198.06999999999994,2552
2026-02-19T15:00:00+00:00,198.06999999999994,200.32999999999993,197.25999999999993,198.44999999999993,4671
2026-02-19T16:00:00+00:00,198.44999999999993,199.05999999999995,197.02999999999994,197.86999999999995,5485
2026-02-19T17:00:00+00:00,197.86999999999995,198.14999999999995,196.09999999999994,196.35999999999996,5079
2026-02-19T18:00:00+00:00,196.35999999999996,197.98999999999995,196.22999999999996,197.76999999999995,4724
2026-02-19T19:00:00+00:00,197.76999999999995,199.21999999999994,197.17999999999995,198.60999999999996,4894
2026-02-19T20:00:00+00:00,198.60999999999996,199.71999999999994,198.13999999999996,199.60999999999996,4467
2026-02-20T14:00:00+00:00,199.60999999999996,199.68999999999994,195.44999999999996,196.53999999999996,2123
2026-02-20T15:00:00+00:00,196.53999999999996,200.84999999999997,196.41999999999996,200.74999999999997,4766
2026-02-20T16:00:00+00:00,200.74999999999997,201.16999999999996,197.98,198.46999999999997,5487
2026-02-20T17:00:00+00:00,198.46999999999997,198.64999999999998,194.80999999999997,195.81999999999996,5774
2026-02-20T18:00:00+00:00,195.81999999999996,198.05999999999997,194.90999999999997,197.57999999999998,5468
2026-02-20T19:00:00+00:00,197.57999999999998,197.73,195.39999999999998,195.48999999999998,4412
2026-02-20T20:00:00+00:00,195.48999999999998,196.51,195.45999999999998,196.51,4428
2026-02-23T14:00:00+00:00,196.51,196.51,190.51,194.23999999999998,2196
2026-02-23T15:00:00+00:00,194.23999999999998,195.29,191.76999999999998,191.88,4784
2026-02-23T16:00:00+00:00,191.88,193.37,191.23,192.15,5770
2026-02-23T17:00:00+00:00,192.15,193.31,191.03,191.92999999999998,4603
2026-02-23T18:00:00+00:00,191.92999999999998,193.17,191.26,191.35999999999999,4733
2026-02-23T19:00:00+00:00,191.35999999999999,192.2,191.17,191.29,5607
2026-02-23T20:00:00+00:00,191.29,193.22,190.88,193.01,5048
2026-02-24T14:00:00+00:00,193.01,209.7,193.01,207.66,7074
2026-02-24T15:00:00+00:00,207.66,209.09,205.29,206.27,16216.069605568446
2026-02-24T16:00:00+00:00,206.27,209.31,205.98000000000002,209.21,12662
2026-02-24T17:00:00+00:00,209.21,212.69,208.96,212.37,11663
2026-02-24T18:00:00+00:00,212.37,213.04000000000002,210.49,211.64000000000001,10774
2026-02-24T19:00:00+00:00,211.64000000000001,211.92000000000002,209.69,211.13000000000002,11419
2026-02-24T20:00:00+00:00,211.13000000000002,211.34,208.70000000000002,210.14000000000001,11421
2026-02-25T14:00:00+00:00,210.14000000000001,212.17000000000002,206.16000000000003,207.98000000000002,8339
2026-02-25T15:00:00+00:00,207.98000000000002,209.81000000000003,206.58000000000004,207.23000000000002,14127
2026-02-25T16:00:00+00:00,207.23000000000002,209.83,206.79000000000002,207.76000000000002,12847
2026-02-25T17:00:00+00:00,207.76000000000002,208.87000000000003,207.54000000000002,208.35000000000002,8667
2026-02-25T18:00:00+00:00,208.35000000000002,209.56000000000003,207.79000000000002,208.43000000000004,7457
2026-02-25T19:00:00+00:00,208.43000000000004,208.98000000000002,206.96000000000004,207.07000000000002,7920
2026-02-25T20:00:00+00:00,207.07000000000002,207.68000000000004,206.24000000000004,206.70000000000002,10699
2026-02-26T14:00:00+00:00,206.70000000000002,206.70000000000002,200.09000000000003,201.70000000000002,3811
2026-02-26T15:00:00+00:00,201.70000000000002,203.67000000000004,197.75000000000003,198.27000000000004,19159
2026-02-26T16:00:00+00:00,198.27000000000004,199.81000000000003,197.8,198.09000000000003,17624
2026-02-26T17:00:00+00:00,198.09000000000003,199.20000000000002,197.50000000000003,197.90000000000003,14176
2026-02-26T18:00:00+00:00,197.90000000000003,199.71,197.36,199.02000000000007,14295.995060903477
2026-02-26T19:00:00+00:00,199.02000000000007,200.12000000000006,198.55000000000007,198.89000000000004,11776.457403473862
2026-02-26T20:00:00+00:00,198.89000000000004,199.32000000000002,197.0500000000001,198.3800000000001,13372.456599957626
2026-02-27T14:00:00+00:00,198.3800000000001,198.3800000000001,192.6300000000001,194.44000000000008,8543
2026-02-27T15:00:00+00:00,194.44000000000008,196.4800000000001,194.1500000000001,195.3300000000001,16606.069017823284
2026-02-27T16:00:00+00:00,195.3300000000001,195.7400000000001,193.9700000000001,194.5400000000001,17318
2026-02-27T17:00:00+00:00,194.5400000000001,195.53000000000011,193.4700000000001,193.9800000000001,15169
2026-02-27T18:00:00+00:00,193.9800000000001,194.1000000000001,192.3500000000001,192.5100000000001,13304
2026-02-27T19:00:00+00:00,192.5100000000001,193.5400000000001,192.3900000000001,193.4100000000001,12447
2026-02-27T20:00:00+00:00,193.4100000000001,195.2100000000001,193.2000000000001,194.9300000000001,15727
2026-03-02T14:00:00+00:00,194.9300000000001,196.6800000000001,191.4200000000001,194.94000000000008,7135
2026-03-02T15:00:00+00:00,194.94000000000008,197.4500000000001,194.1200000000001,196.0300000000001,13714
2026-03-02T16:00:00+00:00,196.0300000000001,198.7100000000001,195.4900000000001,198.3700000000001,12508
2026-03-02T17:00:00+00:00,198.3700000000001,199.4900000000001,197.6800000000001,198.69000000000008,10018
2026-03-02T18:00:00+00:00,198.69000000000008,198.8300000000001,197.72000000000008,197.8300000000001,7905
2026-03-02T19:00:00+00:00,197.8300000000001,199.76000000000008,197.47000000000008,199.48000000000008,8539
2026-03-02T20:00:00+00:00,199.48000000000008,200.1400000000001,197.9200000000001,200.0500000000001,15752
2026-03-03T14:00:00+00:00,200.0500000000001,200.0500000000001,191.44000000000008,191.69000000000008,9077
2026-03-03T15:00:00+00:00,191.69000000000008,192.5500000000001,189.6400000000001,190.69000000000008,18910
2026-03-03T16:00:00+00:00,190.69000000000008,193.0900000000001,190.54000000000008,192.3300000000001,19363
2026-03-03T17:00:00+00:00,192.3300000000001,193.4900000000001,191.51000000000008,192.26000000000008,15719
2026-03-03T18:00:00+00:00,192.26000000000008,193.8100000000001,192.26000000000008,193.3600000000001,16638
2026-03-03T19:00:00+00:00,193.3600000000001,193.98000000000008,192.22000000000008,193.0500000000001,20673
2026-03-03T20:00:00+00:00,193.0500000000001,193.63000000000008,191.9200000000001,192.38000000000008,19857
2026-03-04T14:00:00+00:00,192.38000000000008,196.72000000000008,191.32000000000008,196.41000000000008,7077
2026-03-04T15:00:00+00:00,196.41000000000008,199.94000000000008,196.41000000000008,199.5800000000001,17173
2026-03-04T16:00:00+00:00,199.5800000000001,200.3700000000001,197.98000000000008,200.3300000000001,18426
2026-03-04T17:00:00+00:00,200.3300000000001,202.79000000000008,200.26000000000008,202.51000000000008,15202
2026-03-04T18:00:00+00:00,202.51000000000008,203.8600000000001,201.8300000000001,203.2700000000001,12943
2026-03-04T19:00:00+00:00,203.2700000000001,203.8100000000001,202.48000000000008,203.41000000000008,10611
2026-03-04T20:00:00+00:00,203.41000000000008,203.6700000000001,202.2400000000001,203.66000000000008,12986
2026-03-05T14:00:00+00:00,203.66000000000008,205.1200000000001,198.8600000000001,203.1400000000001,6697
2026-03-05T15:00:00+00:00,203.1400000000001,204.44000000000008,200.9300000000001,203.76000000000008,14499
2026-03-05T16:00:00+00:00,203.76000000000008,203.9500000000001,202.1400000000001,202.8300000000001,12336
2026-03-05T17:00:00+00:00,202.8300000000001,204.13000000000008,196.3100000000001,196.73000000000008,15587
2026-03-05T18:00:00+00:00,196.73000000000008,198.50000000000009,196.7100000000001,198.2400000000001,12886
2026-03-05T19:00:00+00:00,198.2400000000001,198.6700000000001,196.4200000000001,197.8300000000001,16288
2026-03-05T20:00:00+00:00,197.8300000000001,201.07000000000008,197.1700000000001,200.9300000000001,18604
2026-03-06T14:00:00+00:00,200.9300000000001,200.9300000000001,196.3400000000001,197.9000000000001,5796
2026-03-06T15:00:00+00:00,197.9000000000001,200.60000000000008,197.6500000000001,200.26000000000008,13207
2026-03-06T16:00:00+00:00,200.26000000000008,201.54000000000008,199.13000000000008,201.29000000000008,14971
2026-03-06T17:00:00+00:00,201.29000000000008,201.60000000000008,198.6200000000001,198.7700000000001,12439
2026-03-06T18:00:00+00:00,198.7700000000001,200.54000000000008,198.00000000000009,198.0500000000001,12648
2026-03-06T19:00:00+00:00,198.0500000000001,198.3400000000001,197.16000000000008,197.5300000000001,15878
2026-03-06T20:00:00+00:00,197.5300000000001,198.0200000000001,192.6700000000001,193.8100000000001,23819
2026-03-09T13:00:00+00:00,193.8100000000001,193.8100000000001,190.44000000000008,192.0600000000001,8386
2026-03-09T14:00:00+00:00,192.0600000000001,195.4900000000001,191.6500000000001,194.8400000000001,15755
2026-03-09T15:00:00+00:00,194.8400000000001,197.85000000000008,194.82000000000008,197.50000000000009,15648
2026-03-09T16:00:00+00:00,197.50000000000009,199.32000000000008,197.3400000000001,198.48000000000008,13932
2026-03-09T17:00:00+00:00,198.48000000000008,198.60000000000008,197.0800000000001,197.8600000000001,12067
2026-03-09T18:00:00+00:00,197.8600000000001,199.6400000000001,197.73000000000008,198.6400000000001,11198
2026-03-09T19:00:00+00:00,198.6400000000001,204.3300000000001,198.5200000000001,204.23000000000008,13488
2026-03-10T13:00:00+00:00,204.23000000000008,207.94000000000008,203.94000000000008,205.57000000000008,7726
2026-03-10T14:00:00+00:00,205.57000000000008,206.4900000000001,203.60000000000008,206.23000000000008,13143
2026-03-10T15:00:00+00:00,206.23000000000008,207.8300000000001,205.57000000000008,206.0800000000001,11909
2026-03-10T16:00:00+00:00,206.0800000000001,206.54000000000008,204.63000000000008,206.3900000000001,10261
2026-03-10T17:00:00+00:00,206.3900000000001,207.4900000000001,206.10000000000008,207.0500000000001,13245
2026-03-10T18:00:00+00:00,207.0500000000001,207.3700000000001,204.60000000000008,204.9900000000001,11786
2026-03-10T19:00:00+00:00,204.9900000000001,206.1200000000001,203.72000000000008,204.8000000000001,15361
2026-03-11T13:00:00+00:00,204.8000000000001,208.7900000000001,204.3700000000001,206.9500000000001,8234
2026-03-11T14:00:00+00:00,206.9500000000001,208.0300000000001,205.2400000000001,205.7300000000001,14842
2026-03-11T15:00:00+00:00,205.7300000000001,206.2400000000001,204.3900000000001,204.7600000000001,14703
2026-03-11T16:00:00+00:00,204.7600000000001,205.1700000000001,203.9600000000001,204.7700000000001,11746
2026-03-11T17:00:00+00:00,204.7700000000001,205.2800000000001,203.2900000000001,204.5600000000001,13365
2026-03-11T18:00:00+00:00,204.5600000000001,204.7600000000001,203.3900000000001,204.4400000000001,12778
2026-03-11T19:00:00+00:00,204.4400000000001,204.8600000000001,203.4000000000001,204.3800000000001,12981
2026-03-12T13:00:00+00:00,204.3800000000001,204.3800000000001,197.7600000000001,198.2800000000001,7496
2026-03-12T14:00:00+00:00,198.2800000000001,200.00000000000009,197.0200000000001,197.1000000000001,16062
2026-03-12T15:00:00+00:00,197.1000000000001,198.7100000000001,196.3500000000001,197.8400000000001,17411
2026-03-12T16:00:00+00:00,197.8400000000001,199.6600000000001,197.7200000000001,198.6000000000001,12737
2026-03-12T17:00:00+00:00,198.6000000000001,199.2800000000001,197.4000000000001,197.9000000000001,9918
2026-03-12T18:00:00+00:00,197.9000000000001,198.3900000000001,197.3600000000001,197.3700000000001,11028
2026-03-12T19:00:00+00:00,197.3700000000001,198.2800000000001,196.7700000000001,197.5100000000001,14037
2026-03-13T13:00:00+00:00,197.5100000000001,199.3200000000001,196.1300000000001,197.8400000000001,7027
2026-03-13T14:00:00+00:00,197.8400000000001,198.3800000000001,194.7400000000001,195.0700000000001,17714
2026-03-13T15:00:00+00:00,195.0700000000001,196.0400000000001,193.12000000000012,193.40000000000012,18066
2026-03-13T16:00:00+00:00,193.40000000000012,194.1400000000001,192.9100000000001,193.28000000000011,14102
2026-03-13T17:00:00+00:00,193.28000000000011,194.06000000000012,192.68000000000012,192.7200000000001,12286
2026-03-13T18:00:00+00:00,192.7200000000001,193.5100000000001,192.53000000000011,193.21000000000012,12783
2026-03-13T19:00:00+00:00,193.21000000000012,193.21000000000012,191.9400000000001,193.2000000000001,12988
2026-03-16T13:00:00+00:00,193.2000000000001,198.03000000000011,193.2000000000001,196.90000000000012,9762
2026-03-16T14:00:00+00:00,196.90000000000012,198.1000000000001,196.31000000000012,198.0700000000001,18940
2026-03-16T15:00:00+00:00,198.0700000000001,199.84000000000012,197.4400000000001,199.18000000000012,13570
2026-03-16T16:00:00+00:00,199.18000000000012,199.5100000000001,197.71000000000012,198.2000000000001,14739
2026-03-16T17:00:00+00:00,198.2000000000001,198.78000000000011,197.78000000000011,198.5200000000001,11615
2026-03-16T18:00:00+00:00,198.5200000000001,199.0800000000001,197.0800000000001,197.4200000000001,9927
2026-03-16T19:00:00+00:00,197.4200000000001,198.7900000000001,195.3900000000001,196.2500000000001,26723
2026-03-17T13:00:00+00:00,196.2500000000001,198.8600000000001,194.9500000000001,198.5100000000001,8612
2026-03-17T14:00:00+00:00,198.5100000000001,198.8300000000001,196.68000000000012,197.9100000000001,16102
2026-03-17T15:00:00+00:00,197.9100000000001,198.1900000000001,194.93000000000012,195.96000000000012,13197
2026-03-17T16:00:00+00:00,195.96000000000012,196.4100000000001,195.0400000000001,195.93000000000012,13052
2026-03-17T17:00:00+00:00,195.93000000000012,196.18000000000012,195.1600000000001,195.9500000000001,7600
2026-03-17T18:00:00+00:00,195.9500000000001,196.7500000000001,195.8500000000001,196.06000000000012,6992
2026-03-17T19:00:00+00:00,196.06000000000012,196.4100000000001,195.68000000000012,195.9900000000001,12587
2026-03-18T13:00:00+00:00,195.9900000000001,199.4200000000001,195.15000000000012,199.2500000000001,4587
2026-03-18T14:00:00+00:00,199.2500000000001,200.3900000000001,197.78000000000011,198.8900000000001,8496
2026-03-18T15:00:00+00:00,198.8900000000001,200.3900000000001,198.0800000000001,199.9800000000001,7085
2026-03-18T16:00:00+00:00,199.9800000000001,199.9800000000001,199.1700000000001,199.2600000000001,5156
2026-03-18T17:00:00+00:00,199.2600000000001,201.84000000000012,198.78000000000011,201.5800000000001,5167
2026-03-18T18:00:00+00:00,201.5800000000001,202.53000000000011,199.2000000000001,199.31000000000012,9777
2026-03-18T19:00:00+00:00,199.31000000000012,200.5100000000001,198.78000000000011,199.43000000000012,10873
2026-03-19T13:00:00+00:00,199.43000000000012,199.43000000000012,192.4800000000001,196.0800000000001,6633
2026-03-19T14:00:00+00:00,196.0800000000001,198.7600000000001,195.8000000000001,198.40000000000012,10059
2026-03-19T15:00:00+00:00,198.40000000000012,200.0700000000001,197.8900000000001,199.4900000000001,7941
2026-03-19T16:00:00+00:00,199.4900000000001,201.1100000000001,199.3300000000001,200.1700000000001,7132
2026-03-19T17:00:00+00:00,200.1700000000001,201.0100000000001,198.90000000000012,200.8300000000001,5586
2026-03-19T18:00:00+00:00,200.8300000000001,202.9800000000001,200.8300000000001,202.7700000000001,5918
2026-03-19T19:00:00+00:00,202.7700000000001,205.5700000000001,202.7300000000001,204.93000000000012,15318
2026-03-20T13:00:00+00:00,204.93000000000012,205.78000000000011,201.6100000000001,201.68000000000012,4579
2026-03-20T14:00:00+00:00,201.68000000000012,202.0700000000001,199.34000000000012,201.09000000000012,10188
2026-03-20T15:00:00+00:00,201.09000000000012,202.2300000000001,200.3300000000001,201.9800000000001,7060
2026-03-20T16:00:00+00:00,201.9800000000001,202.5800000000001,200.59000000000012,200.8600000000001,5121
2026-03-20T17:00:00+00:00,200.8600000000001,201.3200000000001,198.5700000000001,199.46000000000012,6014
2026-03-20T18:00:00+00:00,199.46000000000012,199.7500000000001,197.96000000000012,198.40000000000012,5506
2026-03-20T19:00:00+00:00,198.40000000000012,201.5700000000001,197.9400000000001,201.12000000000012,10573
2026-03-23T13:00:00+00:00,201.12000000000012,208.68000000000012,201.12000000000012,207.84000000000012,6516
2026-03-23T14:00:00+00:00,207.84000000000012,207.96000000000012,205.3900000000001,206.53000000000011,11378
2026-03-23T15:00:00+00:00,206.53000000000011,207.90000000000012,201.4400000000001,201.6400000000001,10568
2026-03-23T16:00:00+00:00,201.6400000000001,203.9900000000001,201.3900000000001,203.1600000000001,9413
2026-03-23T17:00:00+00:00,203.1600000000001,204.40000000000012,202.62000000000012,204.3900000000001,7256
2026-03-23T18:00:00+00:00,204.3900000000001,205.5400000000001,203.9800000000001,204.6300000000001,6729
2026-03-23T19:00:00+00:00,204.6300000000001,204.6300000000001,202.31000000000012,202.31000000000012,10379
2026-03-24T13:00:00+00:00,202.31000000000012,204.5500000000001,199.8800000000001,202.0800000000001,4709
2026-03-24T14:00:00+00:00,202.0800000000001,203.1100000000001,199.84000000000012,201.4700000000001,11552
2026-03-24T15:00:00+00:00,201.4700000000001,204.7400000000001,201.46000000000012,203.15000000000012,7657
2026-03-24T16:00:00+00:00,203.15000000000012,203.5000000000001,201.1900000000001,201.31000000000012,6638
2026-03-24T17:00:00+00:00,201.31000000000012,203.4700000000001,199.81000000000012,203.3800000000001,7984
2026-03-24T18:00:00+00:00,203.3800000000001,205.8300000000001,202.7200000000001,205.0100000000001,7261
2026-03-24T19:00:00+00:00,205.0100000000001,206.09000000000012,204.2600000000001,205.0700000000001,9251
2026-03-25T13:00:00+00:00,205.0700000000001,218.3000000000001,205.0700000000001,215.0700000000001,8087
2026-03-25T14:00:00+00:00,215.0700000000001,219.62000000000012,214.1600000000001,219.0200000000001,13243
2026-03-25T15:00:00+00:00,219.0200000000001,219.6000000000001,216.8900000000001,217.6400000000001,12866
2026-03-25T16:00:00+00:00,217.6400000000001,218.37000000000012,216.3000000000001,217.87000000000012,8622
2026-03-25T17:00:00+00:00,217.87000000000012,220.2500000000001,217.1000000000001,219.59000000000012,8083
2026-03-25T18:00:00+00:00,219.59000000000012,221.0000000000001,219.1900000000001,219.96000000000012,7229
2026-03-25T19:00:00+00:00,219.96000000000012,220.8600000000001,219.21000000000012,220.0000000000001,11522
2026-03-26T13:00:00+00:00,220.0000000000001,220.46000000000012,214.2900000000001,214.8200000000001,7390
2026-03-26T14:00:00+00:00,214.8200000000001,215.8000000000001,206.9900000000001,207.4900000000001,14899
2026-03-26T15:00:00+00:00,207.4900000000001,208.9400000000001,206.09000000000012,208.3200000000001,11517
2026-03-26T16:00:00+00:00,208.3200000000001,208.8500000000001,205.12000000000012,206.1000000000001,9043
2026-03-26T17:00:00+00:00,206.1000000000001,206.3000000000001,204.3800000000001,204.6300000000001,7352
2026-03-26T18:00:00+00:00,204.6300000000001,205.68000000000012,204.3600000000001,205.3900000000001,7375
2026-03-26T19:00:00+00:00,205.3900000000001,205.46000000000012,203.1100000000001,203.5700000000001,12364
2026-03-27T13:00:00+00:00,203.5700000000001,203.5700000000001,197.81000000000012,198.0000000000001,5767
2026-03-27T14:00:00+00:00,198.0000000000001,200.3000000000001,197.3600000000001,198.7300000000001,12991
2026-03-27T15:00:00+00:00,198.7300000000001,201.6100000000001,198.3500000000001,201.2300000000001,10758
2026-03-27T16:00:00+00:00,201.2300000000001,201.68000000000012,200.0700000000001,201.3900000000001,7171
2026-03-27T17:00:00+00:00,201.3900000000001,202.8800000000001,200.84000000000012,201.18000000000012,9127.470196128701
2026-03-27T18:00:00+00:00,201.18000000000012,201.65000000000012,200.34000000000012,201.32000000000014,7037
2026-03-27T19:00:00+00:00,201.32000000000014,201.97000000000014,200.5000000000001,201.61000000000013,10903
2026-03-30T13:00:00+00:00,201.61000000000013,208.02000000000012,201.54000000000013,202.02000000000012,9794
2026-03-30T14:00:00+00:00,202.02000000000012,205.12000000000012,198.85000000000014,200.94000000000014,21176
2026-03-30T15:00:00+00:00,200.94000000000014,202.13000000000014,198.5000000000001,198.96000000000012,23600
2026-03-30T16:00:00+00:00,198.96000000000012,199.06000000000012,196.7500000000001,196.99000000000012,17869
2026-03-30T17:00:00+00:00,196.99000000000012,197.34000000000012,195.44000000000014,196.27000000000012,19381
2026-03-30T18:00:00+00:00,196.27000000000012,196.61000000000013,194.70000000000013,194.88000000000014,15747
2026-03-30T19:00:00+00:00,194.88000000000014,196.16000000000014,192.56000000000012,195.82000000000014,20424
2026-03-31T13:00:00+00:00,195.82000000000014,200.52000000000012,195.82000000000014,200.45000000000013,7538
2026-03-31T14:00:00+00:00,200.45000000000013,201.60000000000014,197.82000000000014,198.87000000000012,24326
2026-03-31T15:00:00+00:00,198.87000000000012,200.34000000000012,196.23000000000013,196.40000000000012,24232
2026-03-31T16:00:00+00:00,196.40000000000012,202.02000000000012,196.07000000000014,201.41000000000014,21104
2026-03-31T17:00:00+00:00,201.41000000000014,202.99000000000012,200.85000000000014,201.16000000000014,23811
2026-03-31T18:00:00+00:00,201.16000000000014,203.37000000000012,201.09000000000012,203.10000000000014,15830
2026-03-31T19:00:00+00:00,203.10000000000014,203.68000000000012,202.63000000000014,202.7500000000001,21601
2026-04-01T13:00:00+00:00,202.7500000000001,210.22000000000014,202.7500000000001,209.11000000000013,10072
2026-04-01T14:00:00+00:00,209.11000000000013,211.74000000000012,208.09000000000012,211.59000000000012,18901
2026-04-01T15:00:00+00:00,211.59000000000012,213.10000000000014,211.14000000000013,212.86000000000013,15387
2026-04-01T16:00:00+00:00,212.86000000000013,213.39000000000013,212.43000000000012,212.68000000000012,11291
2026-04-01T17:00:00+00:00,212.68000000000012,213.51000000000013,211.10000000000014,211.12000000000012,10521
2026-04-01T18:00:00+00:00,211.12000000000012,211.22000000000014,208.45000000000013,209.54000000000013,19605
2026-04-01T19:00:00+00:00,209.54000000000013,211.76000000000013,209.5000000000001,209.96000000000012,17191
2026-04-02T13:00:00+00:00,209.96000000000012,209.96000000000012,200.29000000000013,206.24000000000012,11399
2026-04-02T14:00:00+00:00,206.24000000000012,213.29000000000013,205.19000000000014,213.03000000000011,28244.06274509804
2026-04-02T15:00:00+00:00,213.03000000000011,214.5700000000001,211.7200000000001,213.81000000000012,27859
2026-04-02T16:00:00+00:00,213.81000000000012,214.27000000000012,212.06000000000012,213.4400000000001,21162
2026-04-02T17:00:00+00:00,213.4400000000001,215.2900000000001,212.99000000000012,214.8200000000001,15251
2026-04-02T18:00:00+00:00,214.8200000000001,215.8500000000001,214.5100000000001,215.61000000000013,13614
2026-04-02T19:00:00+00:00,215.61000000000013,217.40000000000012,215.53000000000011,217.27000000000012,18393
2026-04-06T13:00:00+00:00,217.27000000000012,225.9700000000001,217.27000000000012,222.56000000000012,8133
2026-04-06T14:00:00+00:00,222.56000000000012,223.0400000000001,219.27000000000012,220.4100000000001,12357
2026-04-06T15:00:00+00:00,220.4100000000001,220.95000000000013,219.05000000000013,220.52000000000012,6430
2026-04-06T16:00:00+00:00,220.52000000000012,220.78000000000011,218.8800000000001,219.0400000000001,4950
2026-04-06T17:00:00+00:00,219.0400000000001,220.06000000000012,217.42000000000013,219.15000000000012,6181
2026-04-06T18:00:00+00:00,219.15000000000012,220.20000000000013,218.8800000000001,219.7200000000001,4747
2026-04-06T19:00:00+00:00,219.7200000000001,220.31000000000012,219.18000000000012,219.9100000000001,6074
2026-04-07T13:00:00+00:00,219.9100000000001,221.6000000000001,216.95000000000013,216.99000000000012,6485
2026-04-07T14:00:00+00:00,216.99000000000012,218.64000000000013,215.05000000000013,217.18000000000012,10934
2026-04-07T15:00:00+00:00,217.18000000000012,218.28000000000011,215.61000000000013,216.68000000000012,8823
2026-04-07T16:00:00+00:00,216.68000000000012,219.6600000000001,216.5700000000001,218.74000000000012,8586
2026-04-07T17:00:00+00:00,218.74000000000012,219.4400000000001,217.9700000000001,218.5100000000001,8248
2026-04-07T18:00:00+00:00,218.5100000000001,218.96000000000012,216.46000000000012,217.06000000000012,7695
2026-04-07T19:00:00+00:00,217.06000000000012,221.34000000000012,216.7900000000001,221.11000000000013,13061
2026-04-08T13:00:00+00:00,221.11000000000013,233.59000000000012,221.11000000000013,228.4700000000001,7914
2026-04-08T14:00:00+00:00,228.4700000000001,230.02000000000012,226.7600000000001,228.0000000000001,13483.114532439497
2026-04-08T15:00:00+00:00,228.0000000000001,232.3000000000001,227.9700000000001,231.59000000000012,11092
2026-04-08T16:00:00+00:00,231.59000000000012,233.2600000000001,230.6900000000001,232.9500000000001,7045
2026-04-08T17:00:00+00:00,232.9500000000001,233.2600000000001,231.3300000000001,232.62000000000012,6936
2026-04-08T18:00:00+00:00,232.62000000000012,233.43000000000012,229.5700000000001,229.74000000000012,8965
2026-04-08T19:00:00+00:00,229.74000000000012,231.6300000000001,229.2900000000001,231.5700000000001,10474
2026-04-09T13:00:00+00:00,231.5700000000001,235.68000000000012,230.62000000000012,233.2600000000001,6688
2026-04-09T14:00:00+00:00,233.2600000000001,235.21000000000012,231.46000000000012,234.9100000000001,9484
2026-04-09T15:00:00+00:00,234.9100000000001,236.1900000000001,233.7000000000001,235.6400000000001,10182
2026-04-09T16:00:00+00:00,235.6400000000001,236.5700000000001,233.7300000000001,234.03000000000011,8311
2026-04-09T17:00:00+00:00,234.03000000000011,234.5100000000001,233.12000000000012,233.6100000000001,6732
2026-04-09T18:00:00+00:00,233.6100000000001,235.9100000000001,233.15000000000012,235.74000000000012,7861
2026-04-09T19:00:00+00:00,235.74000000000012,236.81000000000012,235.71000000000012,236.3500000000001,8799
2026-04-10T13:00:00+00:00,236.3500000000001,249.1700000000001,236.3500000000001,246.9800000000001,10071
2026-04-10T14:00:00+00:00,246.9800000000001,248.4100000000001,244.31000000000012,248.2600000000001,11085.688696326954
2026-04-10T15:00:00+00:00,248.2600000000001,249.3800000000001,244.6300000000001,244.99000000000012,12146
2026-04-10T16:00:00+00:00,244.99000000000012,245.46000000000012,243.4100000000001,245.1100000000001,9501
2026-04-10T17:00:00+00:00,245.1100000000001,245.8800000000001,244.5000000000001,245.6400000000001,7092
2026-04-10T18:00:00+00:00,245.6400000000001,246.12000000000012,244.71000000000012,244.9800000000001,6155
2026-04-10T19:00:00+00:00,244.9800000000001,245.9700000000001,244.62000000000012,244.83000000000013,8816
2026-04-13T13:00:00+00:00,244.83000000000013,245.96000000000012,241.84000000000012,243.4200000000001,4627
2026-04-13T14:00:00+00:00,243.4200000000001,244.2900000000001,242.4200000000001,244.1100000000001,9177
2026-04-13T15:00:00+00:00,244.1100000000001,244.99000000000012,243.18000000000012,244.9700000000001,6938
2026-04-13T16:00:00+00:00,244.9700000000001,245.8600000000001,244.2000000000001,245.78000000000011,6351
2026-04-13T17:00:00+00:00,245.78000000000011,246.1100000000001,244.8200000000001,244.8500000000001,3764
2026-04-13T18:00:00+00:00,244.8500000000001,246.87000000000012,244.6300000000001,246.7300000000001,4799
2026-04-13T19:00:00+00:00,246.7300000000001,247.09000000000012,246.08000000000013,246.62000000000012,8008
2026-04-14T13:00:00+00:00,246.62000000000012,251.7000000000001,245.4400000000001,247.59000000000012,6772
2026-04-14T14:00:00+00:00,247.59000000000012,249.68000000000012,246.3900000000001,249.27000000000012,8107
2026-04-14T15:00:00+00:00,249.27000000000012,252.15000000000012,247.8900000000001,251.6100000000001,7858
2026-04-14T16:00:00+00:00,251.6100000000001,252.8900000000001,251.55000000000013,252.08000000000013,5177
2026-04-14T17:00:00+00:00,252.08000000000013,253.62000000000012,252.06000000000012,253.3800000000001,4753
2026-04-14T18:00:00+00:00,253.3800000000001,254.03000000000011,252.55000000000013,253.93000000000012,5784
2026-04-14T19:00:00+00:00,253.93000000000012,255.2500000000001,253.78000000000011,254.87000000000012,9057
2026-04-15T13:00:00+00:00,254.87000000000012,256.22000000000014,253.02000000000012,255.2900000000001,6413
2026-04-15T14:00:00+00:00,255.2900000000001,257.3500000000001,254.1900000000001,256.2700000000001,9116.522848743987
2026-04-15T15:00:00+00:00,256.2700000000001,257.1600000000001,255.4200000000001,255.74000000000012,7091
2026-04-15T16:00:00+00:00,255.74000000000012,256.35000000000014,251.5200000000001,252.9100000000001,8805
2026-04-15T17:00:00+00:00,252.9100000000001,254.3900000000001,252.7200000000001,253.8600000000001,6723
2026-04-15T18:00:00+00:00,253.8600000000001,255.2600000000001,253.37000000000012,255.0100000000001,5941
2026-04-15T19:00:00+00:00,255.0100000000001,257.9000000000001,254.8600000000001,257.8400000000001,8350
2026-04-16T13:00:00+00:00,257.8400000000001,269.73000000000013,257.8400000000001,262.9400000000001,9681
2026-04-16T14:00:00+00:00,262.9400000000001,272.2100000000001,262.8800000000001,270.6300000000001,15096
2026-04-16T15:00:00+00:00,270.6300000000001,277.9900000000001,270.17000000000013,277.60000000000014,13669
2026-04-16T16:00:00+00:00,277.60000000000014,279.0000000000001,275.04000000000013,277.10000000000014,12475
2026-04-16T17:00:00+00:00,277.10000000000014,277.4300000000001,273.9300000000001,274.35000000000014,10106
2026-04-16T18:00:00+00:00,274.35000000000014,274.8200000000001,271.6400000000001,273.10000000000014,10589
2026-04-16T19:00:00+00:00,273.10000000000014,277.9900000000001,273.0500000000001,277.8700000000001,11714
2026-04-17T13:00:00+00:00,277.8700000000001,278.5200000000001,273.8300000000001,276.23000000000013,7493
2026-04-17T14:00:00+00:00,276.23000000000013,279.1800000000001,275.92000000000013,277.21000000000015,10967.154023577652
2026-04-17T15:00:00+00:00,277.21000000000015,277.79000000000013,275.72000000000014,275.96000000000015,8229
2026-04-17T16:00:00+00:00,275.96000000000015,279.71000000000015,275.89000000000016,279.28000000000014,7938
2026-04-17T17:00:00+00:00,279.28000000000014,279.69000000000017,277.23000000000013,278.94000000000017,8714
2026-04-17T18:00:00+00:00,278.94000000000017,279.35000000000014,276.78000000000014,277.15000000000015,7327
2026-04-17T19:00:00+00:00,277.15000000000015,278.3100000000002,276.69000000000017,277.94000000000017,9942
2026-04-20T13:00:00+00:00,277.94000000000017,287.08000000000015,277.94000000000017,279.27000000000015,7769
2026-04-20T14:00:00+00:00,279.27000000000015,279.35000000000014,273.69000000000017,273.94000000000017,11225
2026-04-20T15:00:00+00:00,273.94000000000017,275.70000000000016,271.79000000000013,274.27000000000015,8296
2026-04-20T16:00:00+00:00,274.27000000000015,274.83000000000015,272.8700000000001,273.33000000000015,4884
2026-04-20T17:00:00+00:00,273.33000000000015,273.92000000000013,272.53000000000014,273.6800000000001,4875
2026-04-20T18:00:00+00:00,273.6800000000001,275.9900000000001,272.88000000000017,275.76000000000016,4562
2026-04-20T19:00:00+00:00,275.76000000000016,276.13000000000017,273.8000000000001,274.6200000000001,5748
2026-04-21T13:00:00+00:00,274.6200000000001,280.04000000000013,274.6200000000001,279.9300000000001,2861
2026-04-21T14:00:00+00:00,279.9300000000001,281.73000000000013,276.91000000000014,277.51000000000016,4671
2026-04-21T15:00:00+00:00,277.51000000000016,282.51000000000016,276.3700000000001,281.1800000000001,9368
2026-04-21T16:00:00+00:00,281.1800000000001,283.6100000000001,281.17000000000013,281.95000000000016,6213
2026-04-21T17:00:00+00:00,281.95000000000016,283.91000000000014,280.7400000000001,282.42000000000013,7241
2026-04-21T18:00:00+00:00,282.42000000000013,284.8000000000001,282.39000000000016,283.50000000000017,5836
2026-04-21T19:00:00+00:00,283.50000000000017,285.84000000000015,281.46000000000015,284.40000000000015,8605
2026-04-22T13:00:00+00:00,284.40000000000015,292.3600000000001,284.40000000000015,288.00000000000017,5309
2026-04-22T14:00:00+00:00,288.00000000000017,295.8000000000001,286.95000000000016,293.97000000000014,9278.140478006611
2026-04-22T15:00:00+00:00,293.97000000000014,297.73000000000013,293.1100000000001,295.6200000000002,6444
2026-04-22T16:00:00+00:00,295.6200000000002,297.9900000000002,294.27000000000015,297.9900000000002,5204
2026-04-22T17:00:00+00:00,297.9900000000002,300.64000000000016,297.8700000000002,299.95000000000016,6219
2026-04-22T18:00:00+00:00,299.95000000000016,302.25000000000017,298.69000000000017,301.41000000000014,5485
2026-04-22T19:00:00+00:00,301.41000000000014,303.73000000000013,300.1800000000002,303.0500000000002,7655
2026-04-23T13:00:00+00:00,303.0500000000002,305.01000000000016,299.77000000000015,302.28000000000014,6957
2026-04-23T14:00:00+00:00,302.28000000000014,306.41000000000014,300.88000000000017,305.9300000000002,10955
2026-04-23T15:00:00+00:00,305.9300000000002,309.85000000000014,305.6800000000002,307.29000000000013,8769
2026-04-23T16:00:00+00:00,307.29000000000013,309.48000000000013,305.83000000000015,308.71000000000015,6755
2026-04-23T17:00:00+00:00,308.71000000000015,309.07000000000016,299.41000000000014,303.72000000000014,17056
2026-04-23T18:00:00+00:00,303.72000000000014,305.63000000000017,302.67000000000013,303.13000000000017,9680
2026-04-23T19:00:00+00:00,303.13000000000017,305.13000000000017,302.3100000000002,304.92000000000013,7598
2026-04-24T13:00:00+00:00,304.92000000000013,347.52000000000015,304.92000000000013,340.19000000000017,9301
2026-04-24T14:00:00+00:00,340.19000000000017,349.08000000000015,338.6800000000002,345.45000000000016,15776.343317109697
2026-04-24T15:00:00+00:00,345.45000000000016,351.25000000000017,345.2900000000002,351.1100000000002,13357
2026-04-24T16:00:00+00:00,351.1100000000002,352.4900000000002,347.8100000000002,347.95000000000016,9766
2026-04-24T17:00:00+00:00,347.95000000000016,349.3500000000002,345.9100000000002,348.4900000000002,7756
2026-04-24T18:00:00+00:00,348.4900000000002,349.00000000000017,345.21000000000015,345.5400000000002,6999
2026-04-24T19:00:00+00:00,345.5400000000002,347.5400000000002,344.15000000000015,347.46000000000015,8876
2026-04-27T13:00:00+00:00,347.46000000000015,348.6100000000002,328.45000000000016,335.44000000000017,7786
2026-04-27T14:00:00+00:00,335.44000000000017,337.51000000000016,332.75000000000017,335.0400000000002,8833
2026-04-27T15:00:00+00:00,335.0400000000002,335.94000000000017,331.63000000000017,332.25000000000017,6371
2026-04-27T16:00:00+00:00,332.25000000000017,335.90000000000015,331.20000000000016,333.6000000000002,5393
2026-04-27T17:00:00+00:00,333.6000000000002,336.5400000000002,332.65000000000015,334.6600000000002,4104
2026-04-27T18:00:00+00:00,334.6600000000002,337.3600000000002,334.3000000000002,336.75000000000017,3977
2026-04-27T19:00:00+00:00,336.75000000000017,337.2200000000002,333.8000000000002,333.8700000000002,5474
2026-04-28T13:00:00+00:00,333.8700000000002,333.8700000000002,309.64000000000016,322.51000000000016,7121
2026-04-28T14:00:00+00:00,322.51000000000016,327.09000000000015,315.8500000000002,319.2800000000002,10288
2026-04-28T15:00:00+00:00,319.2800000000002,321.1700000000002,317.44000000000017,319.5300000000002,7202
2026-04-28T16:00:00+00:00,319.5300000000002,322.0500000000002,318.75000000000017,321.7800000000002,5143
2026-04-28T17:00:00+00:00,321.7800000000002,324.7200000000002,320.8700000000002,324.4700000000002,4264
2026-04-28T18:00:00+00:00,324.4700000000002,325.84000000000015,323.95000000000016,325.19000000000017,4286
2026-04-28T19:00:00+00:00,325.19000000000017,326.32000000000016,322.2200000000002,322.71000000000015,5754
2026-04-29T13:00:00+00:00,322.71000000000015,326.45000000000016,318.52000000000015,322.8600000000002,4870
2026-04-29T14:00:00+00:00,322.8600000000002,332.96000000000015,319.3600000000002,332.20000000000016,9778.279552517091
2026-04-29T15:00:00+00:00,332.20000000000016,333.5500000000002,326.46000000000015,327.65000000000015,6462
2026-04-29T16:00:00+00:00,327.65000000000015,330.7300000000002,325.7300000000002,330.47000000000014,4442
2026-04-29T17:00:00+00:00,330.47000000000014,334.96000000000015,329.96000000000015,334.66000000000014,4409
2026-04-29T18:00:00+00:00,334.66000000000014,337.96000000000015,332.90000000000015,337.03000000000014,6421
2026-04-29T19:00:00+00:00,337.03000000000014,339.7900000000002,335.60000000000014,336.6100000000002,7393
2026-04-30T13:00:00+00:00,336.6100000000002,342.60000000000014,332.15000000000015,342.26000000000016,6627
2026-04-30T14:00:00+00:00,342.26000000000016,345.40000000000015,337.3600000000002,345.0600000000002,13386
2026-04-30T15:00:00+00:00,345.0600000000002,350.3000000000002,345.0600000000002,346.39000000000016,10108
2026-04-30T16:00:00+00:00,346.39000000000016,350.5500000000002,346.01000000000016,349.33000000000015,6532
2026-04-30T17:00:00+00:00,349.33000000000015,354.35000000000014,349.3100000000002,353.78000000000014,7204
2026-04-30T18:00:00+00:00,353.78000000000014,354.41000000000014,350.6800000000002,350.88000000000017,7159
2026-04-30T19:00:00+00:00,350.88000000000017,354.5600000000002,350.6200000000002,354.25000000000017,8957
2026-05-01T13:00:00+00:00,354.25000000000017,357.60000000000014,349.15000000000015,355.84000000000015,5138
2026-05-01T14:00:00+00:00,355.84000000000015,356.71000000000015,348.9300000000002,351.09000000000015,7170.56077152177
2026-05-01T15:00:00+00:00,351.09000000000015,354.88000000000017,350.46000000000015,354.69000000000017,4447
2026-05-01T16:00:00+00:00,354.69000000000017,358.26000000000016,354.50000000000017,357.98000000000013,4722
2026-05-01T17:00:00+00:00,357.98000000000013,362.40000000000015,357.77000000000015,361.5600000000002,4789
2026-05-01T18:00:00+00:00,361.5600000000002,361.8600000000001,356.90000000000015,357.41000000000014,4913
2026-05-01T19:00:00+00:00,357.41000000000014,361.54000000000013,356.94000000000017,359.89000000000016,5582
2026-05-04T13:00:00+00:00,359.89000000000016,361.19000000000017,346.17000000000013,351.83000000000015,6887
2026-05-04T14:00:00+00:00,351.83000000000015,352.73000000000013,342.3600000000001,346.39000000000016,9912
2026-05-04T15:00:00+00:00,346.39000000000016,346.83000000000015,338.3600000000001,341.63000000000017,9976
2026-05-04T16:00:00+00:00,341.63000000000017,342.84000000000015,338.4900000000002,341.9300000000002,8138
2026-05-04T17:00:00+00:00,341.9300000000002,344.39000000000016,341.78000000000014,343.85000000000014,6558
2026-05-04T18:00:00+00:00,343.85000000000014,344.47000000000014,341.88000000000017,342.48000000000013,6741
2026-05-04T19:00:00+00:00,342.48000000000013,344.5600000000002,340.6200000000002,341.03000000000014,8812
2026-05-05T13:00:00+00:00,341.03000000000014,354.08000000000015,341.03000000000014,347.20000000000016,6614
2026-05-05T14:00:00+00:00,347.20000000000016,352.5600000000002,344.54000000000013,350.4300000000002,9425
2026-05-05T15:00:00+00:00,350.4300000000002,355.83000000000015,349.67000000000013,354.71000000000015,7538
2026-05-05T16:00:00+00:00,354.71000000000015,355.10000000000014,350.92000000000013,354.34000000000015,5836
2026-05-05T17:00:00+00:00,354.34000000000015,356.54000000000013,353.40000000000015,355.9900000000002,4863
2026-05-05T18:00:00+00:00,355.9900000000002,359.13000000000017,355.3700000000002,355.46000000000015,6278
2026-05-05T19:00:00+00:00,355.46000000000015,357.4900000000002,352.25000000000017,354.7400000000002,8917
2026-05-06T13:00:00+00:00,354.7400000000002,429.7400000000002,354.7400000000002,410.98000000000013,11683
2026-05-06T14:00:00+00:00,410.98000000000013,415.90000000000015,401.71000000000015,409.33000000000015,14475.927798774925
2026-05-06T15:00:00+00:00,409.33000000000015,418.53000000000014,406.6800000000002,413.78000000000014,10033
2026-05-06T16:00:00+00:00,413.78000000000014,415.6700000000002,410.27000000000015,411.45000000000016,6705
2026-05-06T17:00:00+00:00,411.45000000000016,416.8600000000002,410.95000000000016,416.64000000000016,5389
2026-05-06T18:00:00+00:00,416.64000000000016,422.76000000000016,415.95000000000016,418.14000000000016,6974
2026-05-06T19:00:00+00:00,418.14000000000016,421.59000000000015,416.34000000000015,421.4900000000002,7724
2026-05-07T13:00:00+00:00,421.4900000000002,421.4900000000002,410.34000000000015,414.88000000000017,6650
2026-05-07T14:00:00+00:00,414.88000000000017,421.44000000000017,411.63000000000017,414.16000000000014,9011
2026-05-07T15:00:00+00:00,414.16000000000014,414.4300000000002,405.89000000000016,407.00000000000017,7516
2026-05-07T16:00:00+00:00,407.00000000000017,408.1700000000002,402.21000000000015,406.34000000000015,7418
2026-05-07T17:00:00+00:00,406.34000000000015,407.52000000000015,400.9200000000002,407.3000000000002,6586
2026-05-07T18:00:00+00:00,407.3000000000002,408.66000000000014,404.19000000000017,406.4900000000002,6356
2026-05-07T19:00:00+00:00,406.4900000000002,409.52000000000015,404.95000000000016,408.10000000000014,7028
2026-05-08T13:00:00+00:00,408.10000000000014,434.4900000000002,408.10000000000014,432.27000000000015,6942
2026-05-08T14:00:00+00:00,432.27000000000015,440.91000000000014,431.4200000000002,435.35000000000014,10884.580972186119
2026-05-08T15:00:00+00:00,435.35000000000014,444.5700000000001,433.8000000000001,441.2600000000001,8465
2026-05-08T16:00:00+00:00,441.2600000000001,445.6900000000001,439.17000000000013,442.0000000000001,8006
2026-05-08T17:00:00+00:00,442.0000000000001,448.09000000000015,441.9900000000001,443.92000000000013,7741
2026-05-08T18:00:00+00:00,443.92000000000013,448.1200000000001,442.9400000000001,444.73000000000013,6711
2026-05-08T19:00:00+00:00,444.73000000000013,455.8700000000001,444.73000000000013,454.78000000000014,9216
2026-05-11T13:00:00+00:00,454.78000000000014,467.08000000000015,451.4300000000001,453.8900000000001,6972
2026-05-11T14:00:00+00:00,453.8900000000001,462.53000000000014,450.5700000000001,456.53000000000014,11232
2026-05-11T15:00:00+00:00,456.53000000000014,464.8800000000001,455.6900000000001,464.34000000000015,8716
2026-05-11T16:00:00+00:00,464.34000000000015,466.3100000000001,462.6100000000001,464.02000000000015,6734
2026-05-11T17:00:00+00:00,464.02000000000015,467.35000000000014,461.46000000000015,465.6400000000001,5975
2026-05-11T18:00:00+00:00,465.6400000000001,468.84000000000015,462.72000000000014,463.0500000000001,5652
2026-05-11T19:00:00+00:00,463.0500000000001,466.1300000000001,455.9900000000001,458.59000000000015,9388
2026-05-12T13:00:00+00:00,458.59000000000015,458.59000000000015,444.7000000000001,448.2000000000001,10194
2026-05-12T14:00:00+00:00,448.2000000000001,454.77000000000015,442.33000000000015,442.8800000000001,18936
2026-05-12T15:00:00+00:00,442.8800000000001,444.3200000000001,431.98000000000013,432.23000000000013,19229
2026-05-12T16:00:00+00:00,432.23000000000013,436.53000000000014,425.71000000000015,426.67000000000013,16584
2026-05-12T17:00:00+00:00,426.67000000000013,438.1100000000001,426.67000000000013,435.8000000000001,14298
2026-05-12T18:00:00+00:00,435.8000000000001,440.9900000000001,435.29000000000013,436.1900000000001,12949
2026-05-12T19:00:00+00:00,436.1900000000001,448.2600000000001,436.1800000000001,448.0000000000001,12263
2026-05-13T13:00:00+00:00,448.0000000000001,458.8200000000001,436.72000000000014,438.4400000000001,7499
2026-05-13T14:00:00+00:00,438.4400000000001,445.0800000000001,432.3000000000001,444.7600000000001,10404.1328320802
2026-05-13T15:00:00+00:00,444.7600000000001,448.38000000000005,443.4600000000001,444.7600000000001,7180
2026-05-13T16:00:00+00:00,444.7600000000001,448.55000000000007,444.19000000000005,447.99000000000007,4849
2026-05-13T17:00:00+00:00,447.99000000000007,451.37000000000006,447.0800000000001,447.11000000000007,4577
2026-05-13T18:00:00+00:00,447.11000000000007,451.2000000000001,444.81000000000006,445.2200000000001,4727
2026-05-13T19:00:00+00:00,445.2200000000001,449.2200000000001,443.7100000000001,445.13000000000005,5734
2026-05-14T13:00:00+00:00,445.13000000000005,450.43000000000006,435.38000000000005,445.13000000000005,6352
2026-05-14T14:00:00+00:00,445.13000000000005,452.5400000000001,441.74000000000007,450.4000000000001,9327
2026-05-14T15:00:00+00:00,450.4000000000001,452.86000000000007,448.2900000000001,448.4700000000001,5456
2026-05-14T16:00:00+00:00,448.4700000000001,450.9700000000001,447.1000000000001,448.5300000000001,4355
2026-05-14T17:00:00+00:00,448.5300000000001,449.5300000000001,441.68000000000006,447.9000000000001,8927
2026-05-14T18:00:00+00:00,447.9000000000001,448.06000000000006,443.8900000000001,446.25000000000006,5251
2026-05-14T19:00:00+00:00,446.25000000000006,451.69000000000005,445.2800000000001,449.4600000000001,9198
2026-05-15T13:00:00+00:00,449.4600000000001,449.4600000000001,425.9100000000001,427.2100000000001,5968
2026-05-15T14:00:00+00:00,427.2100000000001,438.50000000000006,425.8400000000001,430.45000000000005,9346.622188679245
2026-05-15T15:00:00+00:00,430.45000000000005,436.05000000000007,430.27000000000004,432.21000000000004,6372
2026-05-15T16:00:00+00:00,432.21000000000004,433.4800000000001,430.02000000000004,430.75000000000006,4439
2026-05-15T17:00:00+00:00,430.75000000000006,434.31000000000006,430.49000000000007,434.07000000000005,3667
2026-05-15T18:00:00+00:00,434.07000000000005,435.69000000000005,430.13000000000005,431.81000000000006,6084
2026-05-15T19:00:00+00:00,431.81000000000006,432.28000000000003,423.13000000000005,424.31000000000006,6594
2026-05-18T13:00:00+00:00,424.31000000000006,438.31000000000006,422.27000000000004,423.95000000000005,5984
2026-05-18T14:00:00+00:00,423.95000000000005,424.43000000000006,411.53000000000003,416.00000000000006,9536
2026-05-18T15:00:00+00:00,416.00000000000006,423.56000000000006,414.94000000000005,420.77000000000004,6578
2026-05-18T16:00:00+00:00,420.77000000000004,421.07000000000005,412.05000000000007,418.1700000000001,5312
2026-05-18T17:00:00+00:00,418.1700000000001,419.53000000000003,414.52000000000004,416.0400000000001,3810
2026-05-18T18:00:00+00:00,416.0400000000001,416.26000000000005,410.4200000000001,413.72,4328
2026-05-18T19:00:00+00:00,413.72,421.70000000000005,412.87000000000006,420.8500000000001,6025
2026-05-19T13:00:00+00:00,420.8500000000001,428.05000000000007,404.7300000000001,404.9800000000001,6627
2026-05-19T14:00:00+00:00,404.9800000000001,405.95000000000005,393.19000000000005,402.9200000000001,12787
2026-05-19T15:00:00+00:00,402.9200000000001,410.37000000000006,401.27000000000004,407.44000000000005,7799
2026-05-19T16:00:00+00:00,407.44000000000005,419.69000000000005,407.27000000000004,419.09000000000003,6562
2026-05-19T17:00:00+00:00,419.09000000000003,424.69000000000005,418.77000000000004,422.4100000000001,5577
2026-05-19T18:00:00+00:00,422.4100000000001,423.31000000000006,414.80000000000007,415.49000000000007,4661
2026-05-19T19:00:00+00:00,415.49000000000007,420.27000000000004,411.2900000000001,414.39000000000004,6439
2026-05-20T13:00:00+00:00,414.39000000000004,436.26000000000005,414.39000000000004,433.9800000000001,5409
2026-05-20T14:00:00+00:00,433.9800000000001,445.90000000000003,433.90000000000003,444.34000000000003,8601.251449814126
2026-05-20T15:00:00+00:00,444.34000000000003,448.16,442.68,448.16,5388
2026-05-20T16:00:00+00:00,448.16,448.29,441.18,443.99,4666
2026-05-20T17:00:00+00:00,443.99,446.04,443.15000000000003,444.51000000000005,3250
2026-05-20T18:00:00+00:00,444.51000000000005,445.83000000000004,443.32000000000005,443.91,3107
2026-05-20T19:00:00+00:00,443.91,448.99,443.08000000000004,447.28000000000003,5325
2026-05-21T13:00:00+00:00,447.28000000000003,447.42,439.68,440.38,4252
2026-05-21T14:00:00+00:00,440.38,442.06,431.28000000000003,435.20000000000005,7928
2026-05-21T15:00:00+00:00,435.20000000000005,442.41,433.69,440.77000000000004,5213
2026-05-21T16:00:00+00:00,440.77000000000004,443.73,439.18,440.66,3256
2026-05-21T17:00:00+00:00,440.66,446.67,440.38,444.51000000000005,4344
2026-05-21T18:00:00+00:00,444.51000000000005,446.29,441.43,443.35,4023
2026-05-21T19:00:00+00:00,443.35,450.59000000000003,442.81,448.98,5066
2026-05-22T13:00:00+00:00,448.98,480.68,448.98,465.94,5858
2026-05-22T14:00:00+00:00,465.94,469.74,461.34000000000003,466.86,6991.937587767203
2026-05-22T15:00:00+00:00,466.86,473.53,466.55,470.42,5328
2026-05-22T16:00:00+00:00,470.42,470.71,465.65,469.71999999999997,4036
2026-05-22T17:00:00+00:00,469.71999999999997,473.05,467.84999999999997,471.76,4109
2026-05-22T18:00:00+00:00,471.76,474.45,468.88,469.82,4026
2026-05-22T19:00:00+00:00,469.82,470.25,465.71,467.33,5491
2026-05-26T13:00:00+00:00,467.33,494.4,467.33,493.02,5581
2026-05-26T14:00:00+00:00,493.02,496.44,487.94,490.15999999999997,6587
2026-05-26T15:00:00+00:00,490.15999999999997,491.92,485.15,487.8,5187
2026-05-26T16:00:00+00:00,487.8,497.17,487.40999999999997,496.19,4381
2026-05-26T17:00:00+00:00,496.19,497.58,494.8,496.15,3263
2026-05-26T18:00:00+00:00,496.15,499.96999999999997,495.05,498.49,3580
2026-05-26T19:00:00+00:00,498.49,506.45,498.09,503.38,6674
2026-05-27T13:00:00+00:00,503.38,509.44,490.25,501.44,5899
2026-05-27T14:00:00+00:00,501.44,501.99,486.3,491.59000000000003,6783.607305936073
2026-05-27T15:00:00+00:00,491.59000000000003,493.04,487.37,491.19,3955
2026-05-27T16:00:00+00:00,491.19,496.62,490.71000000000004,492.59000000000003,3084
2026-05-27T17:00:00+00:00,492.59000000000003,494.8,488.85,493.88,2452
2026-05-27T18:00:00+00:00,493.88,498.26,493.26,496.18,2488
2026-05-27T19:00:00+00:00,496.18,497.19,494.17,495.23,3902
2026-05-28T13:00:00+00:00,495.23,507.09000000000003,493.72,496.1,4323
2026-05-28T14:00:00+00:00,496.1,511.84000000000003,493.14,511.12,7971
2026-05-28T15:00:00+00:00,511.12,526.52,510.73,517.29,7322
2026-05-28T16:00:00+00:00,517.29,521.96,516.16,521.79,4121
2026-05-28T17:00:00+00:00,521.79,521.97,516.14,517.2,3397
2026-05-28T18:00:00+00:00,517.2,519.88,516.47,518.39,3414
2026-05-28T19:00:00+00:00,518.39,520.14,516.13,517.59,4953
2026-05-29T13:00:00+00:00,517.59,520.84,515.08,519.65,3005
2026-05-29T14:00:00+00:00,519.65,521.44,507.14,513.65,5905.27457514162
2026-05-29T15:00:00+00:00,513.65,514.3,509.9,510.28,2758
2026-05-29T16:00:00+00:00,510.28,513.0899999999999,507.34,508.5199999999999,2307
2026-05-29T17:00:00+00:00,508.5199999999999,508.63999999999993,502.93999999999994,503.0799999999999,3069
2026-05-29T18:00:00+00:00,503.0799999999999,507.16999999999996,502.93999999999994,504.37999999999994,2405
2026-05-29T19:00:00+00:00,504.37999999999994,516.1099999999999,503.66999999999996,515.63,4014
2026-06-01T13:00:00+00:00,515.63,515.63,486.30999999999995,487.42999999999995,5772
2026-06-01T14:00:00+00:00,487.42999999999995,509.23999999999995,486.28999999999996,508.28,7802
2026-06-01T15:00:00+00:00,508.28,516.8,507.2099999999999,509.53,5800
2026-06-01T16:00:00+00:00,509.53,511.65999999999997,505.56999999999994,508.59,3824
2026-06-01T17:00:00+00:00,508.59,513.0899999999999,506.0199999999999,512.78,3711
2026-06-01T18:00:00+00:00,512.78,515.17,510.50999999999993,511.53999999999996,3205
2026-06-01T19:00:00+00:00,511.53999999999996,513.2399999999999,508.31999999999994,509.75999999999993,5163
2026-06-02T13:00:00+00:00,509.75999999999993,519.3,500.7099999999999,518.3499999999999,3263
2026-06-02T14:00:00+00:00,518.3499999999999,518.7299999999999,503.05999999999995,507.4,4706
2026-06-02T15:00:00+00:00,507.4,517.15,506.29999999999995,516.05,3314
2026-06-02T16:00:00+00:00,516.05,517.8,511.78,513.87,2484
2026-06-02T17:00:00+00:00,513.87,514.77,510.62999999999994,514.16,2454
2026-06-02T18:00:00+00:00,514.16,516.81,512.25,514.42,2759
2026-06-02T19:00:00+00:00,514.42,521.92,514.31,520.91,4288
2026-06-03T13:00:00+00:00,520.91,543.41,520.91,529.2099999999999,4744
2026-06-03T14:00:00+00:00,529.2099999999999,538.91,527.9399999999998,529.7399999999999,4870.398398718975
2026-06-03T15:00:00+00:00,529.7399999999999,538.7299999999999,527.9799999999999,531.7499999999999,4062
2026-06-03T16:00:00+00:00,531.7499999999999,534.4799999999999,529.1299999999999,534.3799999999999,2956
2026-06-03T17:00:00+00:00,534.3799999999999,540.8999999999999,530.4299999999998,540.4499999999998,3091
2026-06-03T18:00:00+00:00,540.4499999999998,545.3799999999999,537.5599999999998,540.5299999999999,3473
2026-06-03T19:00:00+00:00,540.5299999999999,543.5999999999999,535.4799999999999,542.0599999999998,4300
2026-06-04T13:00:00+00:00,542.0599999999998,542.0599999999998,502.42999999999984,502.42999999999984,4605
2026-06-04T14:00:00+00:00,502.42999999999984,520.3699999999999,498.82999999999987,519.8399999999999,6912
2026-06-04T15:00:00+00:00,519.8399999999999,525.4199999999998,518.4499999999998,520.9199999999998,4385
2026-06-04T16:00:00+00:00,520.9199999999998,523.9799999999999,518.7399999999999,522.8699999999999,2708
2026-06-04T17:00:00+00:00,522.8699999999999,527.7799999999999,522.0299999999999,527.0499999999998,2712
2026-06-04T18:00:00+00:00,527.0499999999998,531.3199999999998,524.6999999999998,525.5899999999999,3233
2026-06-04T19:00:00+00:00,525.5899999999999,530.1399999999999,520.9999999999999,522.5999999999999,4136
2026-06-05T13:00:00+00:00,522.5999999999999,522.5999999999999,484.4499999999999,484.45999999999987,6161
2026-06-05T14:00:00+00:00,484.45999999999987,501.8899999999998,483.32999999999987,495.29999999999984,6521.133007594142
2026-06-05T15:00:00+00:00,495.29999999999984,495.72999999999985,480.86999999999995,483.68999999999994,6342.998366716668
2026-06-05T16:00:00+00:00,483.68999999999994,483.68999999999994,468.6599999999999,474.42999999999995,9018
2026-06-05T17:00:00+00:00,474.42999999999995,476.4099999999999,469.75999999999993,475.3999999999999,6824
2026-06-05T18:00:00+00:00,475.3999999999999,476.1499999999999,461.8299999999999,468.80999999999995,8246
2026-06-05T19:00:00+00:00,468.80999999999995,474.0999999999999,462.7699999999999,464.87999999999994,9563
2026-06-08T13:00:00+00:00,464.87999999999994,488.10999999999996,464.87999999999994,476.1699999999999,4944
2026-06-08T14:00:00+00:00,476.1699999999999,489.37999999999994,475.67999999999995,487.68999999999994,6178
2026-06-08T15:00:00+00:00,487.68999999999994,492.1599999999999,485.8399999999999,487.35999999999996,5198
2026-06-08T16:00:00+00:00,487.35999999999996,491.18999999999994,485.2799999999999,488.86999999999995,3569
2026-06-08T17:00:00+00:00,488.86999999999995,489.88999999999993,484.2699999999999,488.5899999999999,3381
2026-06-08T18:00:00+00:00,488.5899999999999,492.80999999999995,488.44999999999993,489.4799999999999,3086
2026-06-08T19:00:00+00:00,489.4799999999999,489.7799999999999,484.05999999999995,487.9099999999999,5190
2026-06-09T13:00:00+00:00,487.9099999999999,501.7899999999999,485.4699999999999,486.92999999999995,5570
2026-06-09T14:00:00+00:00,486.92999999999995,492.7099999999999,471.5299999999999,475.9699999999999,10646
2026-06-09T15:00:00+00:00,475.9699999999999,479.9199999999999,456.9799999999999,457.6699999999999,7510
2026-06-09T16:00:00+00:00,457.6699999999999,459.92999999999995,435.11999999999995,443.9799999999999,11395
2026-06-09T17:00:00+00:00,443.9799999999999,462.0299999999999,443.0899999999999,458.31999999999994,7717
2026-06-09T18:00:00+00:00,458.31999999999994,467.0399999999999,455.99999999999994,466.05999999999995,5500
2026-06-09T19:00:00+00:00,466.05999999999995,474.0299999999999,458.37999999999994,473.73999999999995,8051
2026-06-10T13:00:00+00:00,473.73999999999995,475.10999999999996,462.04999999999995,464.94999999999993,5122
2026-06-10T14:00:00+00:00,464.94999999999993,474.05999999999995,459.81999999999994,461.7699999999999,7306.491382612026
2026-06-10T15:00:00+00:00,461.7699999999999,464.18999999999994,449.49999999999994,458.88999999999993,6646
2026-06-10T16:00:00+00:00,458.88999999999993,459.88999999999993,451.0899999999999,452.36999999999995,4260
2026-06-10T17:00:00+00:00,452.36999999999995,457.05999999999995,449.5899999999999,456.2199999999999,4158
2026-06-10T18:00:00+00:00,456.2199999999999,457.41999999999996,448.9099999999999,450.0399999999999,3907
2026-06-10T19:00:00+00:00,450.0399999999999,453.72999999999996,446.43999999999994,449.91999999999996,6616
2026-06-11T13:00:00+00:00,449.91999999999996,477.05999999999995,449.91999999999996,474.3299999999999,4710
2026-06-11T14:00:00+00:00,474.3299999999999,477.99999999999994,461.5899999999999,463.00999999999993,6992
2026-06-11T15:00:00+00:00,463.00999999999993,467.5999999999999,459.60999999999996,463.80999999999995,4567
2026-06-11T16:00:00+00:00,463.80999999999995,466.6599999999999,460.0999999999999,460.11999999999995,3131
2026-06-11T17:00:00+00:00,460.11999999999995,476.0999999999999,456.0899999999999,473.16999999999996,4925
2026-06-11T18:00:00+00:00,473.16999999999996,479.75999999999993,469.4599999999999,479.4599999999999,3926
2026-06-11T19:00:00+00:00,479.4599999999999,488.4099999999999,477.8399999999999,486.48999999999995,7006
2026-06-12T13:00:00+00:00,486.48999999999995,511.1899999999999,486.48999999999995,507.2799999999999,9421
2026-06-12T14:00:00+00:00,507.2799999999999,515.5199999999999,504.8799999999999,511.0999999999999,7473.888250140213
2026-06-12T15:00:00+00:00,511.0999999999999,514.4899999999999,502.83999999999986,503.6199999999999,6148
2026-06-12T16:00:00+00:00,503.6199999999999,512.2699999999999,502.6799999999999,511.8599999999999,7453
2026-06-12T17:00:00+00:00,511.8599999999999,519.7099999999999,511.55999999999983,517.4599999999999,6376
2026-06-12T18:00:00+00:00,517.4599999999999,517.6899999999998,510.16999999999985,511.5999999999999,6422
2026-06-12T19:00:00+00:00,511.5999999999999,514.6199999999999,508.3199999999999,509.96999999999986,8109
2026-06-15T13:00:00+00:00,509.96999999999986,556.3099999999998,509.96999999999986,546.6199999999999,6251
2026-06-15T14:00:00+00:00,546.6199999999999,552.7099999999999,543.5999999999999,547.0899999999999,6719
2026-06-15T15:00:00+00:00,547.0899999999999,550.5399999999998,544.1599999999999,545.1199999999999,3690
2026-06-15T16:00:00+00:00,545.1199999999999,549.7799999999999,543.9999999999999,547.3499999999999,2942
2026-06-15T17:00:00+00:00,547.3499999999999,548.7299999999999,545.0999999999999,547.0999999999999,2406
2026-06-15T18:00:00+00:00,547.0999999999999,547.8999999999999,544.3499999999999,544.3699999999999,2543
2026-06-15T19:00:00+00:00,544.3699999999999,547.1599999999999,541.5999999999999,545.4299999999998,4749
2026-06-16T13:00:00+00:00,545.4299999999998,546.6799999999998,536.8999999999999,537.8399999999999,3300
2026-06-16T14:00:00+00:00,537.8399999999999,539.5399999999998,519.1799999999998,520.6799999999998,6238
2026-06-16T15:00:00+00:00,520.6799999999998,527.2699999999999,513.6099999999999,518.1199999999999,4912
2026-06-16T16:00:00+00:00,518.1199999999999,523.1899999999998,515.4299999999998,519.8699999999999,3258
2026-06-16T17:00:00+00:00,519.8699999999999,520.8099999999998,515.5999999999999,518.7399999999999,2807
2026-06-16T18:00:00+00:00,518.7399999999999,519.5799999999998,513.1999999999998,514.2199999999999,2859
2026-06-16T19:00:00+00:00,514.2199999999999,517.8799999999999,505.1799999999999,505.90999999999985,5598
2026-06-17T13:00:00+00:00,505.90999999999985,526.6199999999999,505.39999999999986,506.4499999999999,8402
2026-06-17T14:00:00+00:00,506.4499999999999,521.9999999999999,505.84999999999985,517.56,13234.791242227808
2026-06-17T15:00:00+00:00,517.56,522.82,517.48,522.35,6627
2026-06-17T16:00:00+00:00,522.35,523.41,519.29,519.96,3835
2026-06-17T17:00:00+00:00,519.96,523.68,518.46,522.03,4237
2026-06-17T18:00:00+00:00,522.03,530.65,509.73,520.34,16575
2026-06-17T19:00:00+00:00,520.34,523.85,509.32,510.37,18187
2026-06-18T13:00:00+00:00,510.37,533.93,510.37,528.34,9105
2026-06-18T14:00:00+00:00,528.34,535.02,526.42,531.65,12509.04978263918
2026-06-18T15:00:00+00:00,531.65,537.8199999999999,524.6999999999999,533.37,8401
2026-06-18T16:00:00+00:00,533.37,534.67,530.78,532.27,5084
2026-06-18T17:00:00+00:00,532.27,533.85,530.6999999999999,532.42,3503
2026-06-18T18:00:00+00:00,532.42,532.99,527.4499999999999,529.48,3867
2026-06-18T19:00:00+00:00,529.48,537.9,528.35,534.81,6721
2026-06-22T13:00:00+00:00,534.81,560.79,533.61,555.5699999999999,7387
2026-06-22T14:00:00+00:00,555.5699999999999,556.65,538.99,543.71,9972
2026-06-22T15:00:00+00:00,543.71,546.98,535.37,535.9399999999999,6037
2026-06-22T16:00:00+00:00,535.9399999999999,543.37,534.96,542.34,4479
2026-06-22T17:00:00+00:00,542.34,545.28,539.85,543.98,2740
2026-06-22T18:00:00+00:00,543.98,545.84,542.41,543.43,3005
2026-06-22T19:00:00+00:00,543.43,550.37,542.3299999999999,550.28,4928
2026-06-23T13:00:00+00:00,550.28,550.28,505.25,521.66,6302
2026-06-23T14:00:00+00:00,521.66,524.8299999999999,516.86,520.12,8918
2026-06-23T15:00:00+00:00,520.12,522.18,514.9,520.62,6726
2026-06-23T16:00:00+00:00,520.62,526.73,518.47,520.15,4879
2026-06-23T17:00:00+00:00,520.15,523.39,517.11,517.11,4043
2026-06-23T18:00:00+00:00,517.11,519.25,511.85,513.77,4655
2026-06-23T19:00:00+00:00,513.77,519.61,513.36,517.5799999999999,9290
2026-06-24T13:00:00+00:00,517.5799999999999,522.96,508.09,519.46,9232
2026-06-24T14:00:00+00:00,519.46,523.11,509.96,518.31,14282.033606204222
2026-06-24T15:00:00+00:00,518.31,520.67,512.9,518.38,10618
2026-06-24T16:00:00+00:00,518.38,520.61,513.38,514.41,8211
2026-06-24T17:00:00+00:00,514.41,516.04,505.59,507.08,11467
2026-06-24T18:00:00+00:00,507.08,514.0999999999999,503.76,504.52,11028
2026-06-24T19:00:00+00:00,504.52,518.4499999999999,501.85999999999996,517.38,13931
2026-06-25T13:00:00+00:00,517.38,548.91,505.24999999999994,505.90999999999997,12377
2026-06-25T14:00:00+00:00,505.90999999999997,521.8199999999999,505.90999999999997,516.9499999999999,16844
2026-06-25T15:00:00+00:00,516.9499999999999,521.88,512.4399999999999,517.25,3874
2026-06-25T16:00:00+00:00,517.25,529.6899999999999,516.93,521.88,4149
2026-06-25T17:00:00+00:00,521.88,528.0999999999999,521.38,527.61,3115
2026-06-25T18:00:00+00:00,527.61,527.99,520.29,523.43,3434
2026-06-25T19:00:00+00:00,523.43,531.0899999999999,519.38,530.23,4685
2026-06-26T13:00:00+00:00,530.23,530.23,500.93999999999994,514.54,4224
2026-06-26T14:00:00+00:00,514.54,523.36,514.13,514.6399999999999,5898.816974365785
2026-06-26T15:00:00+00:00,514.6399999999999,519.7099999999999,509.33999999999986,518.0799999999999,4971
2026-06-26T16:00:00+00:00,518.0799999999999,520.5499999999998,514.4599999999999,517.6299999999999,3656
2026-06-26T17:00:00+00:00,517.6299999999999,523.0399999999998,516.8199999999999,517.5699999999999,3818
2026-06-26T18:00:00+00:00,517.5699999999999,518.9999999999999,514.2899999999998,516.1099999999999,3606
2026-06-26T19:00:00+00:00,516.1099999999999,522.9499999999999,511.65999999999985,519.0999999999999,6023
2026-06-29T13:00:00+00:00,519.0999999999999,533.3699999999999,510.3199999999999,511.19999999999993,7369
2026-06-29T14:00:00+00:00,511.19999999999993,513.5799999999999,493.8099999999999,512.6999999999999,14677
2026-06-29T15:00:00+00:00,512.6999999999999,523.7199999999999,510.94999999999993,522.3099999999998,8626
2026-06-29T16:00:00+00:00,522.3099999999998,531.0799999999999,521.9599999999999,530.0199999999999,5772
2026-06-29T17:00:00+00:00,530.0199999999999,540.3699999999999,530.0199999999999,538.0699999999999,5230
2026-06-29T18:00:00+00:00,538.0699999999999,539.8699999999999,535.3599999999999,535.9299999999998,4257
2026-06-29T19:00:00+00:00,535.9299999999998,538.5799999999999,533.5399999999998,538.1099999999999,6091
2026-06-30T13:00:00+00:00,538.1099999999999,562.9599999999999,538.1099999999999,554.9199999999998,6421
2026-06-30T14:00:00+00:00,554.9199999999998,558.5399999999998,550.6699999999998,555.3799999999999,7488
2026-06-30T15:00:00+00:00,555.3799999999999,577.1599999999999,555.0099999999999,575.7799999999999,6256
2026-06-30T16:00:00+00:00,575.7799999999999,579.7099999999999,573.4699999999999,578.0199999999999,4095
2026-06-30T17:00:00+00:00,578.0199999999999,580.9899999999999,576.2699999999999,578.1799999999998,3413
2026-06-30T18:00:00+00:00,578.1799999999998,582.2399999999999,576.4899999999999,579.8699999999999,3395
2026-06-30T19:00:00+00:00,579.8699999999999,582.9599999999999,578.4799999999999,579.6899999999998,5592
2026-07-01T13:00:00+00:00,579.6899999999998,579.6899999999998,547.4099999999999,557.6999999999999,7840
2026-07-01T14:00:00+00:00,557.6999999999999,559.6099999999999,545.4599999999999,548.05,9693.655157531291
2026-07-01T15:00:00+00:00,548.05,555.1099999999999,546.1399999999999,548.2699999999999,7565
2026-07-01T16:00:00+00:00,548.2699999999999,551.66,547.1199999999999,550.28,5572
2026-07-01T17:00:00+00:00,550.28,553.0199999999999,546.81,547.1099999999999,5273
2026-07-01T18:00:00+00:00,547.1099999999999,548.7299999999999,541.06,543.29,5314
2026-07-01T19:00:00+00:00,543.29,550.8699999999999,536.7099999999999,539.4699999999999,8325
2026-07-02T13:00:00+00:00,539.4699999999999,542.68,523.9799999999999,541.8499999999999,6376
2026-07-02T14:00:00+00:00,541.8499999999999,545.4499999999999,513.54,519.01,11500.98200771098
2026-07-02T15:00:00+00:00,519.01,524.4399999999999,512.27,517.36,10158
2026-07-02T16:00:00+00:00,517.36,520.18,508.72999999999996,509.73999999999995,7843
2026-07-02T17:00:00+00:00,509.73999999999995,512.47,506.10999999999996,506.57,7822
2026-07-02T18:00:00+00:00,506.57,515.4399999999999,506.34,512.8,7072
2026-07-02T19:00:00+00:00,512.8,516.41,504.17999999999995,515.03,9130
2026-07-06T13:00:00+00:00,515.03,560.51,515.03,558.15,4986
2026-07-06T14:00:00+00:00,558.15,570.27,557.31,564.8299999999999,6686
2026-07-06T15:00:00+00:00,564.8299999999999,569.62,557.7099999999999,564.11,4637
2026-07-06T16:00:00+00:00,564.11,564.25,555.66,556.26,3081
2026-07-06T17:00:00+00:00,556.26,557.5,550.03,550.5699999999999,3025
2026-07-06T18:00:00+00:00,550.5699999999999,555.55,549.74,551.72,2613
2026-07-06T19:00:00+00:00,551.72,556.8299999999999,549.47,550.78,4541
2026-07-07T13:00:00+00:00,550.78,550.78,508.02,511.53999999999996,5254
2026-07-07T14:00:00+00:00,511.53999999999996,514.42,501.28999999999996,506.46999999999997,7487
2026-07-07T15:00:00+00:00,506.46999999999997,513.99,503.23999999999995,513.54,4732
2026-07-07T16:00:00+00:00,513.54,523.0699999999999,512.8,519.8299999999999,4628
2026-07-07T17:00:00+00:00,519.8299999999999,521.27,517.42,520.3199999999999,2616
2026-07-07T18:00:00+00:00,520.3199999999999,521.56,514.74,514.8199999999999,3009
2026-07-07T19:00:00+00:00,514.8199999999999,516.6999999999999,506.29999999999995,514.98,5975
2026-07-08T13:00:00+00:00,514.98,520.98,501.39,517.75,7692
2026-07-08T14:00:00+00:00,517.75,519.09,504.72999999999996,508.35999999999996,14502.608310888803
2026-07-08T15:00:00+00:00,508.35999999999996,509.29999999999995,496.35999999999996,500.84,10501
2026-07-08T16:00:00+00:00,500.84,511.35999999999996,500.58,510.54,7608
2026-07-08T17:00:00+00:00,510.54,513.48,507.85999999999996,509.92,4747
2026-07-08T18:00:00+00:00,509.92,514.38,508.8,512.85,5400
2026-07-08T19:00:00+00:00,512.85,517.28,511.36,515.53,5431
2026-07-09T13:00:00+00:00,515.53,556.1,515.53,554.35,9457
2026-07-09T14:00:00+00:00,554.35,557.76,544.33,551.73,14748
2026-07-09T15:00:00+00:00,551.73,555.23,550.2,553.99,6091
2026-07-09T16:00:00+00:00,553.99,557.33,546.85,549.36,4367
2026-07-09T17:00:00+00:00,549.36,551,544.78,546.5500000000001,4428
2026-07-09T18:00:00+00:00,546.5500000000001,547.35,542.76,546.3100000000001,4119
2026-07-09T19:00:00+00:00,546.3100000000001,546.37,539.5500000000001,545.03,6916
2026-07-10T13:00:00+00:00,545.03,554,538.59,547.97,8203
2026-07-10T14:00:00+00:00,547.97,551.36,538.44,543.25,11670.003417025702
2026-07-10T15:00:00+00:00,543.25,551.52,541.9300000000001,548.74,7164
2026-07-10T16:00:00+00:00,548.74,554.59,548.63,551.46,4602
2026-07-10T17:00:00+00:00,551.46,558.51,549.82,555.75,3583
2026-07-10T18:00:00+00:00,555.75,556.48,552.82,552.99,2949
2026-07-10T19:00:00+00:00,552.99,557.5400000000001,550.45,556.33,3670
2026-07-13T13:00:00+00:00,556.33,556.33,525.21,531.65,10087
2026-07-13T14:00:00+00:00,531.65,546.76,529.4300000000001,544.11,16604
2026-07-13T15:00:00+00:00,544.11,550.09,539.53,540.44,11071
2026-07-13T16:00:00+00:00,540.44,542.74,531.9300000000001,534.5500000000001,10434
2026-07-13T17:00:00+00:00,534.5500000000001,538.96,533.44,535.0600000000001,9394
2026-07-13T18:00:00+00:00,535.0600000000001,537.39,532.94,534.09,8307
2026-07-13T19:00:00+00:00,534.09,536.73,530.5400000000001,532.84,11141
2026-07-14T13:00:00+00:00,532.84,572.1800000000001,532.84,553.4300000000001,11598
2026-07-14T14:00:00+00:00,553.4300000000001,555.0400000000001,546.11,553.59,16742
2026-07-14T15:00:00+00:00,553.59,565.78,553.57,558.72,9748
2026-07-14T16:00:00+00:00,558.72,559.4,550.45,553.65,7198
2026-07-14T17:00:00+00:00,553.65,556.0600000000001,552.13,554.02,3390
2026-07-14T18:00:00+00:00,554.02,554.1700000000001,549.4300000000001,550.28,4203
2026-07-14T19:00:00+00:00,550.28,551.7,545.03,546.44,6865
2026-07-15T13:00:00+00:00,546.44,556.86,540.96,544.61,10745
2026-07-15T14:00:00+00:00,544.61,545.63,512.96,520.3800000000001,18864.95615275813
2026-07-15T15:00:00+00:00,520.3800000000001,520.9700000000001,511.98000000000013,516.3700000000001,13188
2026-07-15T16:00:00+00:00,516.3700000000001,517.1200000000001,507.8800000000001,517.0400000000001,10650
2026-07-15T17:00:00+00:00,517.0400000000001,529.9100000000001,516.4400000000002,528.7600000000001,8276
2026-07-15T18:00:00+00:00,528.7600000000001,530.6700000000001,522.5500000000001,523.8600000000001,7312
2026-07-15T19:00:00+00:00,523.8600000000001,529.1200000000001,522.3400000000001,527.3700000000001,11519
2026-07-16T13:00:00+00:00,527.3700000000001,527.3700000000001,504.3600000000001,508.3900000000001,14911
2026-07-16T14:00:00+00:00,508.3900000000001,516.3900000000001,503.4600000000001,507.98000000000013,21014
2026-07-16T15:00:00+00:00,507.98000000000013,510.57000000000016,503.4500000000001,504.8400000000001,13443
2026-07-16T16:00:00+00:00,504.8400000000001,504.9000000000001,496.48000000000013,500.16000000000014,9937
2026-07-16T17:00:00+00:00,500.16000000000014,500.4000000000001,490.0900000000001,491.60000000000014,8141
2026-07-16T18:00:00+00:00,491.60000000000014,497.1100000000001,491.1200000000001,493.3600000000001,7251
2026-07-16T19:00:00+00:00,493.3600000000001,499.9300000000001,491.3800000000001,499.4000000000001,10512
2026-07-17T13:00:00+00:00,499.4000000000001,499.4000000000001,458.5100000000001,474.3300000000001,13351
2026-07-17T14:00:00+00:00,474.3300000000001,491.47000000000014,473.8300000000001,483.6100000000001,25389.141312547144
2026-07-17T15:00:00+00:00,483.6100000000001,499.79000000000013,479.3400000000001,497.8100000000001,21563
2026-07-17T16:00:00+00:00,497.8100000000001,501.6100000000001,495.35000000000014,499.2600000000001,16241
2026-07-17T17:00:00+00:00,499.2600000000001,503.8200000000001,497.1200000000001,497.7700000000001,11291
2026-07-17T18:00:00+00:00,497.7700000000001,498.7000000000001,492.0800000000001,495.2700000000001,10093
2026-07-17T19:00:00+00:00,495.2700000000001,498.5700000000001,489.8700000000001,493.7100000000001,14547
2026-07-20T13:00:00+00:00,493.7100000000001,520.4000000000001,493.7100000000001,509.6100000000001,8423
2026-07-20T14:00:00+00:00,509.6100000000001,516.8800000000001,504.7400000000001,505.7100000000001,7983
2026-07-20T15:00:00+00:00,505.7100000000001,513.6200000000001,504.1100000000001,512.2900000000001,7025
2026-07-20T16:00:00+00:00,512.2900000000001,515.9400000000002,506.0800000000001,508.10000000000014,5404
2026-07-20T17:00:00+00:00,508.10000000000014,511.55000000000007,506.0800000000001,510.69000000000017,5503
2026-07-20T18:00:00+00:00,510.69000000000017,514.8700000000001,510.0900000000001,511.1100000000001,5159
2026-07-20T19:00:00+00:00,511.1100000000001,511.81000000000006,500.3200000000001,501.4900000000001,9025
2026-07-21T13:00:00+00:00,501.4900000000001,533.5200000000001,501.4900000000001,524.4700000000001,7946
2026-07-21T14:00:00+00:00,524.4700000000001,532.4500000000002,520.7300000000001,526.4500000000002,6849
2026-07-21T15:00:00+00:00,526.4500000000002,534.0900000000001,524.0900000000001,529.5900000000001,4711
2026-07-21T16:00:00+00:00,529.5900000000001,541.0200000000001,529.5900000000001,539.3800000000001,3501
2026-07-21T17:00:00+00:00,539.3800000000001,542.6000000000001,538.7400000000001,540.3800000000001,2599
2026-07-21T18:00:00+00:00,540.3800000000001,544.8900000000001,539.2400000000001,542.0900000000001,2708
2026-07-21T19:00:00+00:00,542.0900000000001,543.2500000000001,537.8500000000001,542.4100000000001,5315
2026-07-22T13:00:00+00:00,542.4100000000001,551.2700000000001,525.9400000000002,551.0800000000002,9179
2026-07-22T14:00:00+00:00,551.0800000000002,551.3100000000001,542.8800000000001,549.2600000000001,12551.591346153846
2026-07-22T15:00:00+00:00,549.2600000000001,556.7800000000001,549.2600000000001,554.4000000000001,5353
2026-07-22T16:00:00+00:00,554.4000000000001,556.7100000000002,552.0600000000002,553.9600000000002,4616
2026-07-22T17:00:00+00:00,553.9600000000002,556.2400000000001,552.2100000000002,553.2600000000001,3239
2026-07-22T18:00:00+00:00,553.2600000000001,555.9100000000001,551.5600000000002,555.1000000000001,4999
2026-07-22T19:00:00+00:00,555.1000000000001,559.7500000000001,548.6900000000002,551.0800000000002,5943
2026-07-23T13:00:00+00:00,551.0800000000002,554.7000000000002,540.5700000000002,548.1800000000002,10051
2026-07-23T14:00:00+00:00,548.1800000000002,552.8200000000002,541.6300000000001,542.8100000000002,15145
2026-07-23T15:00:00+00:00,542.8100000000002,543.5800000000002,534.5600000000002,539.8700000000001,8892
2026-07-23T16:00:00+00:00,539.8700000000001,548.7000000000002,523.6600000000001,527.8800000000001,9953
2026-07-23T17:00:00+00:00,527.8800000000001,536.1600000000001,523.3700000000001,532.9100000000001,10708
2026-07-23T18:00:00+00:00,532.9100000000001,536.8700000000001,531.0700000000002,533.6800000000002,6028
2026-07-23T19:00:00+00:00,533.6800000000002,540.0700000000002,532.0800000000002,538.2100000000002,8698
2026-07-24T13:00:00+00:00,538.2100000000002,547.4300000000002,516.5800000000002,519.7000000000002,11976
2026-07-24T14:00:00+00:00,519.7000000000002,530.2300000000001,518.0600000000002,527.9100000000001,16909
2026-07-24T15:00:00+00:00,527.9100000000001,536.1000000000001,525.5600000000002,535.3000000000002,12460
2026-07-24T16:00:00+00:00,535.3000000000002,539.0100000000001,530.6600000000001,533.7800000000001,7351
2026-07-24T17:00:00+00:00,533.7800000000001,535.4400000000002,530.2300000000001,530.8700000000001,4876
2026-07-24T18:00:00+00:00,530.8700000000001,531.4100000000001,519.8100000000002,523.3300000000002,5923
2026-07-24T19:00:00+00:00,523.3300000000002,524.3800000000001,516.7000000000002,520.3900000000001,10032
2026-07-27T13:00:00+00:00,520.3900000000001,525.7900000000001,502.08000000000015,502.98000000000013,11131
2026-07-27T14:00:00+00:00,502.98000000000013,503.95000000000016,475.4400000000001,487.3600000000001,16388
2026-07-27T15:00:00+00:00,487.3600000000001,487.9400000000001,476.29000000000013,481.46000000000015,12653
2026-07-27T16:00:00+00:00,481.46000000000015,486.8000000000001,479.83000000000015,481.64000000000016,8826
2026-07-27T17:00:00+00:00,481.64000000000016,481.84000000000015,477.16000000000014,480.5100000000001,5850.1616148419125
2026-07-27T18:00:00+00:00,480.5100000000001,488.37000000000006,480.49000000000007,488.26000000000005,4739.1316007323785
2026-07-27T19:00:00+00:00,488.26000000000005,495.4700000000001,487.4800000000001,494.15000000000003,6978
2026-07-28T13:00:00+00:00,494.15000000000003,494.15000000000003,449.55000000000007,450.38000000000005,11512
2026-07-28T14:00:00+00:00,450.38000000000005,457.62000000000006,441.63000000000005,451.33000000000004,13230
2026-07-28T15:00:00+00:00,451.33000000000004,464.0300000000001,448.57000000000005,462.86000000000007,9797
2026-07-28T16:00:00+00:00,462.86000000000007,465.9800000000001,456.9800000000001,460.77000000000004,7793
2026-07-28T17:00:00+00:00,460.77000000000004,461.43000000000006,455.5400000000001,457.5400000000001,4857
2026-07-28T18:00:00+00:00,457.5400000000001,458.6600000000001,453.9700000000001,456.39000000000004,4728
2026-07-28T19:00:00+00:00,456.39000000000004,465.05000000000007,451.87000000000006,454.58000000000004,7014
2026-07-29T13:00:00+00:00,454.58000000000004,456.14000000000004,437.86000000000007,439.7300000000001,12551
2026-07-29T14:00:00+00:00,439.7300000000001,444.3400000000001,428.12000000000006,432.34000000000003,16274.638126834248
2026-07-29T15:00:00+00:00,432.34000000000003,434.95000000000005,425.58000000000004,428.38000000000005,10836
2026-07-29T16:00:00+00:00,428.38000000000005,431.07000000000005,424.18000000000006,430.40000000000003,7332
2026-07-29T17:00:00+00:00,430.40000000000003,439.27000000000004,430.23,436.97,7104
2026-07-29T18:00:00+00:00,436.97,451.16,436.96000000000004,450.21000000000004,18720
2026-07-29T19:00:00+00:00,450.21000000000004,453.08000000000004,428.18000000000006,429.61,19618
2026-07-30T13:00:00+00:00,429.61,482.1,429.61,481.66,10942
2026-07-30T14:00:00+00:00,481.66,498.15000000000003,480.38000000000005,484.58000000000004,18006
2026-07-30T15:00:00+00:00,484.58000000000004,489.84000000000003,481.86,482.23,16142
2026-07-30T16:00:00+00:00,482.23,487.88000000000005,481.43000000000006,485.82000000000005,9312
2026-07-30T17:00:00+00:00,485.82000000000005,489.01000000000005,485.16,488.21000000000004,5340
2026-07-30T18:00:00+00:00,488.21000000000004,489.25000000000006,485.30000000000007,486.62000000000006,4231
2026-07-30T19:00:00+00:00,486.62000000000006,491.96000000000004,484.18000000000006,485.24000000000007,7443
2026-07-31T13:00:00+00:00,485.24000000000007,515.4000000000001,485.24000000000007,495.30000000000007,13949
2026-07-31T14:00:00+00:00,495.30000000000007,495.95000000000005,483.16,491.42,26224
2026-07-31T15:00:00+00:00,491.42,495.64000000000004,483.82000000000005,487.62000000000006,16742
2026-07-31T16:00:00+00:00,487.62000000000006,492.68000000000006,486.37000000000006,489.15000000000003,10299
2026-07-31T17:00:00+00:00,489.15000000000003,493.13000000000005,488.61,489.39000000000004,7848
2026-07-31T18:00:00+00:00,489.39000000000004,489.87000000000006,486.16,487.39000000000004,6704
2026-07-31T19:00:00+00:00,487.39000000000004,487.92,475.73,476.49000000000007,9724
2026-08-03T13:00:00+00:00,476.49000000000007,476.49000000000007,455.57000000000005,469.99000000000007,14422
2026-08-03T14:00:00+00:00,469.99000000000007,486.91,465.50000000000006,486.27000000000004,16948
2026-08-03T15:00:00+00:00,486.27000000000004,486.27000000000004,477.16,479.90000000000003,12885
2026-08-03T16:00:00+00:00,479.90000000000003,482.84000000000003,479.46000000000004,480.18000000000006,7981
2026-08-03T17:00:00+00:00,480.18000000000006,489.34000000000003,479.66,489.21000000000004,7161
2026-08-03T18:00:00+00:00,489.21000000000004,490.96000000000004,484.16,484.21000000000004,7786
2026-08-03T19:00:00+00:00,484.21000000000004,487.17,483.16,484.30000000000007,9046
2026-08-04T13:00:00+00:00,484.30000000000007,516.6500000000001,484.30000000000007,510.5800000000001,10644
2026-08-04T14:00:00+00:00,510.5800000000001,518.5700000000002,509.19000000000017,516.3600000000001,13241
2026-08-04T15:00:00+00:00,516.3600000000001,522.7300000000001,516.3400000000001,522.4900000000001,8255
2026-08-04T16:00:00+00:00,522.4900000000001,525.4300000000002,521.1700000000002,523.9800000000001,7187
2026-08-04T17:00:00+00:00,523.9800000000001,530.1000000000001,523.7100000000002,526.0100000000001,7621
2026-08-04T18:00:00+00:00,526.0100000000001,528.9100000000002,525.3600000000001,528.7500000000001,8398
2026-08-04T19:00:00+00:00,528.7500000000001,529.9100000000002,518.7100000000002,526.4800000000001,11879
2026-08-05T13:00:00+00:00,526.4800000000001,526.4800000000001,480.5500000000002,494.2400000000002,15285
2026-08-05T14:00:00+00:00,494.2400000000002,494.2400000000002,478.3600000000001,480.69000000000017,18650.16462841016
2026-08-05T15:00:00+00:00,480.69000000000017,486.8700000000002,479.72000000000014,483.77000000000015,17637
2026-08-05T16:00:00+00:00,483.77000000000015,491.5600000000002,483.6200000000002,488.9800000000002,14707
2026-08-05T17:00:00+00:00,488.9800000000002,489.4300000000002,484.8100000000002,487.26000000000016,11192
2026-08-05T18:00:00+00:00,487.26000000000016,488.6000000000002,485.90000000000015,486.63000000000017,8485
2026-08-05T19:00:00+00:00,486.63000000000017,488.88000000000017,480.26000000000016,481.4900000000002,12194
2026-08-06T13:00:00+00:00,481.4900000000002,483.53000000000014,469.59000000000015,482.2400000000002,12572
2026-08-06T14:00:00+00:00,482.2400000000002,492.50000000000017,479.6000000000002,491.6100000000002,20221
2026-08-06T15:00:00+00:00,491.6100000000002,495.13000000000017,489.07000000000016,490.33000000000015,17062
2026-08-06T16:00:00+00:00,490.33000000000015,495.70000000000016,485.50000000000017,495.70000000000016,14972
2026-08-06T17:00:00+00:00,495.70000000000016,496.6000000000002,491.1100000000002,492.22000000000014,11044
2026-08-06T18:00:00+00:00,492.22000000000014,493.83000000000015,488.53000000000014,492.6800000000002,9723
2026-08-06T19:00:00+00:00,492.6800000000002,496.2900000000002,487.89000000000016,489.40000000000015,12588
2026-08-07T13:00:00+00:00,489.40000000000015,498.01000000000016,480.78000000000014,486.9100000000002,13117
2026-08-07T14:00:00+00:00,486.9100000000002,488.2900000000002,476.26000000000016,479.6600000000002,23052
2026-08-07T15:00:00+00:00,479.6600000000002,483.5400000000002,478.52000000000015,483.28000000000014,14048
2026-08-07T16:00:00+00:00,483.28000000000014,485.2400000000002,476.03000000000014,480.64000000000016,14245
2026-08-07T17:00:00+00:00,480.64000000000016,482.1700000000002,479.32000000000016,481.01000000000016,9834
2026-08-07T18:00:00+00:00,481.01000000000016,482.1600000000002,477.0400000000002,478.21000000000015,8309
2026-08-07T19:00:00+00:00,478.21000000000015,483.64000000000016,478.0400000000002,483.32000000000016,13247
2026-08-10T13:00:00+00:00,483.32000000000016,483.32000000000016,470.6600000000002,476.0400000000002,11584
2026-08-10T14:00:00+00:00,476.0400000000002,483.2300000000002,474.9200000000002,475.8600000000002,14825
2026-08-10T15:00:00+00:00,475.8600000000002,479.4100000000002,474.90000000000015,478.27000000000015,10633
2026-08-10T16:00:00+00:00,478.27000000000015,478.78000000000014,474.46000000000015,475.1600000000002,9949
2026-08-10T17:00:00+00:00,475.1600000000002,476.44000000000017,474.28000000000014,475.2900000000002,6688
2026-08-10T18:00:00+00:00,475.2900000000002,476.26000000000016,474.77000000000015,475.70000000000016,5604
2026-08-10T19:00:00+00:00,475.70000000000016,476.5400000000002,469.25000000000017,469.9200000000002,9588
2026-08-11T13:00:00+00:00,469.9200000000002,474.01000000000016,463.1700000000002,466.69000000000017,11546
2026-08-11T14:00:00+00:00,466.69000000000017,471.6100000000002,466.28000000000014,468.84000000000015,15603
2026-08-11T15:00:00+00:00,468.84000000000015,470.89000000000016,467.8700000000002,468.08000000000015,10952
2026-08-11T16:00:00+00:00,468.08000000000015,468.28000000000014,465.78000000000014,466.33000000000015,8258
2026-08-11T17:00:00+00:00,466.33000000000015,469.5500000000002,465.07000000000016,469.50000000000017,8058
2026-08-11T18:00:00+00:00,469.50000000000017,473.7300000000002,469.08000000000015,472.77000000000015,8778
2026-08-11T19:00:00+00:00,472.77000000000015,475.94000000000017,471.78000000000014,473.8700000000002,11027
2026-08-12T13:00:00+00:00,473.8700000000002,488.26000000000016,473.8700000000002,486.02000000000015,10995
2026-08-12T14:00:00+00:00,486.02000000000015,491.4900000000002,485.22000000000014,487.5200000000002,15992.3294160852
2026-08-12T15:00:00+00:00,487.5200000000002,489.9600000000002,485.9200000000002,486.6300000000002,10052
2026-08-12T16:00:00+00:00,486.6300000000002,487.9300000000002,486.0100000000002,487.6600000000002,7388
2026-08-12T17:00:00+00:00,487.6600000000002,489.7200000000002,486.1700000000002,489.1600000000002,6456
2026-08-12T18:00:00+00:00,489.1600000000002,489.3300000000002,484.9300000000002,485.4200000000002,6122
2026-08-12T19:00:00+00:00,485.4200000000002,485.6700000000002,480.9200000000002,482.5300000000002,9662
2026-08-13T13:00:00+00:00,482.5300000000002,496.1800000000002,480.9100000000002,495.8800000000002,5199
2026-08-13T14:00:00+00:00,495.8800000000002,496.4400000000002,489.1000000000002,494.7400000000002,5329
2026-08-13T15:00:00+00:00,494.7400000000002,497.81000000000023,490.4300000000002,491.4800000000002,4865
2026-08-13T16:00:00+00:00,491.4800000000002,494.3000000000002,490.9300000000002,493.0500000000002,2565
2026-08-13T17:00:00+00:00,493.0500000000002,495.5400000000002,492.1900000000002,492.1900000000002,2027
2026-08-13T18:00:00+00:00,492.1900000000002,492.2100000000002,489.2700000000002,490.4600000000002,2383
2026-08-13T19:00:00+00:00,490.4600000000002,491.2400000000002,481.9300000000002,482.9300000000002,5111
2026-08-14T13:00:00+00:00,482.9300000000002,501.1300000000002,482.9300000000002,496.7500000000002,7756
2026-08-14T14:00:00+00:00,496.7500000000002,511.2300000000002,496.2200000000002,503.4700000000002,9475.261386673876
2026-08-14T15:00:00+00:00,503.4700000000002,505.5500000000002,496.0300000000002,497.4500000000002,5988
2026-08-14T16:00:00+00:00,497.4500000000002,502.6500000000002,497.3500000000002,502.4400000000002,3663
2026-08-14T17:00:00+00:00,502.4400000000002,506.6000000000002,501.1100000000002,506.2300000000002,3323
2026-08-14T18:00:00+00:00,506.2300000000002,509.2000000000002,505.8700000000002,507.4700000000002,3262
2026-08-14T19:00:00+00:00,507.4700000000002,514.4000000000002,506.8600000000002,513.9900000000002,5187
2026-08-17T13:00:00+00:00,513.9900000000002,515.4700000000003,506.1100000000002,511.5700000000002,7559
2026-08-17T14:00:00+00:00,511.5700000000002,514.3600000000002,509.4100000000002,514.0000000000002,7746
2026-08-17T15:00:00+00:00,514.0000000000002,517.0200000000002,512.2100000000002,513.4700000000003,7393
2026-08-17T16:00:00+00:00,513.4700000000003,513.6400000000002,510.1700000000002,510.9000000000002,4865
2026-08-17T17:00:00+00:00,510.9000000000002,511.2900000000002,508.6600000000002,509.5600000000002,5950
2026-08-17T18:00:00+00:00,509.5600000000002,510.8700000000002,507.6000000000002,510.3800000000002,4481
2026-08-17T19:00:00+00:00,510.3800000000002,510.4600000000002,504.3600000000002,505.8800000000002,7396
2026-08-18T13:00:00+00:00,505.8800000000002,505.8800000000002,479.6000000000002,481.4900000000002,10079
2026-08-18T14:00:00+00:00,481.4900000000002,483.5700000000002,475.0800000000002,476.3200000000002,14516
2026-08-18T15:00:00+00:00,476.3200000000002,481.1100000000002,474.7400000000002,479.9200000000002,11700
2026-08-18T16:00:00+00:00,479.9200000000002,480.4700000000002,477.1600000000002,479.2900000000002,7655
2026-08-18T17:00:00+00:00,479.2900000000002,480.4800000000002,476.2800000000002,476.2800000000002,6942
2026-08-18T18:00:00+00:00,476.2800000000002,480.5300000000002,475.3200000000002,479.6100000000002,6955
2026-08-18T19:00:00+00:00,479.6100000000002,484.9800000000002,479.0200000000002,484.0000000000002,10206
2026-08-19T13:00:00+00:00,484.0000000000002,486.5700000000002,463.8600000000002,467.8800000000002,10736
2026-08-19T14:00:00+00:00,467.8800000000002,469.6300000000002,462.4500000000002,465.7500000000002,17502.976174805844
2026-08-19T15:00:00+00:00,465.7500000000002,467.7700000000002,462.6700000000002,467.43000000000023,10264
2026-08-19T16:00:00+00:00,467.43000000000023,469.2600000000002,465.49000000000024,467.1000000000002,8196
2026-08-19T17:00:00+00:00,467.1000000000002,467.8300000000002,465.2100000000002,465.3900000000002,7629
2026-08-19T18:00:00+00:00,465.3900000000002,467.2800000000002,463.2600000000002,465.9200000000002,8344
2026-08-19T19:00:00+00:00,465.9200000000002,468.7800000000002,465.2500000000002,466.4100000000002,9593
2026-08-20T13:00:00+00:00,466.4100000000002,475.1600000000002,464.1300000000002,465.56000000000023,8839
2026-08-20T14:00:00+00:00,465.56000000000023,470.4600000000002,464.3900000000002,466.5200000000002,12551
2026-08-20T15:00:00+00:00,466.5200000000002,468.2300000000002,460.0700000000002,463.6700000000002,10144
2026-08-20T16:00:00+00:00,463.6700000000002,464.4100000000002,462.0900000000002,464.2000000000002,6840
2026-08-20T17:00:00+00:00,464.2000000000002,464.5000000000002,461.8500000000002,463.7200000000002,5825
2026-08-20T18:00:00+00:00,463.7200000000002,463.7200000000002,460.9800000000002,463.2500000000002,6484
2026-08-20T19:00:00+00:00,463.2500000000002,469.5000000000002,463.1000000000002,468.8900000000002,8373
2026-08-21T13:00:00+00:00,468.8900000000002,476.8200000000002,467.9500000000002,469.8800000000002,7123
2026-08-21T14:00:00+00:00,469.8800000000002,470.5500000000002,461.9000000000002,464.4100000000002,11603
2026-08-21T15:00:00+00:00,464.4100000000002,470.8600000000002,464.0000000000002,468.7500000000002,8443
2026-08-21T16:00:00+00:00,468.7500000000002,470.74000000000024,467.8800000000002,469.2700000000002,6435
2026-08-21T17:00:00+00:00,469.2700000000002,471.5800000000002,468.4100000000002,471.18000000000023,5177
2026-08-21T18:00:00+00:00,471.18000000000023,472.3400000000002,470.3500000000002,472.1500000000002,5103
2026-08-21T19:00:00+00:00,472.1500000000002,473.8500000000002,469.8500000000002,473.0300000000002,7335
2026-08-24T13:00:00+00:00,473.0300000000002,473.0300000000002,452.4000000000002,454.0000000000002,8889
2026-08-24T14:00:00+00:00,454.0000000000002,458.37000000000023,451.0000000000002,456.0700000000002,9372
2026-08-24T15:00:00+00:00,456.0700000000002,462.87000000000023,454.9800000000002,460.2700000000002,7750
2026-08-24T16:00:00+00:00,460.2700000000002,461.3000000000002,457.99000000000024,459.06000000000023,6937
2026-08-24T17:00:00+00:00,459.06000000000023,460.6000000000002,456.6000000000002,457.0700000000002,6555
2026-08-24T18:00:00+00:00,457.0700000000002,459.4400000000002,456.9100000000002,457.4500000000002,5810
2026-08-24T19:00:00+00:00,457.4500000000002,457.87000000000023,455.1000000000002,456.3400000000002,8665
2026-08-25T13:00:00+00:00,456.3400000000002,478.56000000000023,456.3400000000002,474.3600000000002,10212
2026-08-25T14:00:00+00:00,474.3600000000002,478.4600000000002,470.4200000000002,478.1700000000002,15447
2026-08-25T15:00:00+00:00,478.1700000000002,480.6500000000002,475.1100000000002,477.18000000000023,13114
2026-08-25T16:00:00+00:00,477.18000000000023,480.0800000000002,475.6500000000002,476.2900000000002,9001
2026-08-25T17:00:00+00:00,476.2900000000002,478.2900000000002,475.7100000000002,477.8300000000002,8245
2026-08-25T18:00:00+00:00,477.8300000000002,481.3400000000002,476.43000000000023,480.49000000000024,8023
2026-08-25T19:00:00+00:00,480.49000000000024,480.7600000000002,477.7700000000002,479.0100000000002,10891
2026-08-26T13:00:00+00:00,479.0100000000002,490.7700000000002,473.7300000000002,489.81000000000023,6014
2026-08-26T14:00:00+00:00,489.81000000000023,490.7300000000002,480.7900000000002,484.1500000000002,7169
2026-08-26T15:00:00+00:00,484.1500000000002,485.6700000000002,481.9400000000002,483.4800000000002,4784
2026-08-26T16:00:00+00:00,483.4800000000002,483.6900000000002,481.24000000000024,482.7000000000003,3602
2026-08-26T17:00:00+00:00,482.7000000000003,484.33000000000027,481.87000000000023,483.37000000000023,3253
2026-08-26T18:00:00+00:00,483.37000000000023,483.48000000000025,480.79000000000025,482.04000000000025,2048
2026-08-26T19:00:00+00:00,482.04000000000025,484.37000000000023,479.17000000000024,481.3900000000002,5735
2026-08-27T13:00:00+00:00,481.3900000000002,482.3200000000002,472.36000000000024,473.7600000000002,7244
2026-08-27T14:00:00+00:00,473.7600000000002,479.16000000000025,473.42000000000024,477.0200000000002,7916
2026-08-27T15:00:00+00:00,477.0200000000002,479.80000000000024,471.5300000000002,474.10000000000025,5081
2026-08-27T16:00:00+00:00,474.10000000000025,475.3900000000002,470.8600000000002,473.9500000000002,3909
2026-08-27T17:00:00+00:00,473.9500000000002,476.0100000000002,472.3500000000002,472.68000000000023,3130
2026-08-27T18:00:00+00:00,472.68000000000023,473.0400000000002,469.4500000000002,471.1900000000002,4378
2026-08-27T19:00:00+00:00,471.1900000000002,476.8000000000002,469.93000000000023,476.56000000000023,4966
2026-08-28T13:00:00+00:00,476.56000000000023,476.56000000000023,469.5100000000002,474.1500000000002,5402
2026-08-28T14:00:00+00:00,474.1500000000002,478.3600000000002,470.7600000000002,477.9200000000002,8544
2026-08-28T15:00:00+00:00,477.9200000000002,478.5700000000002,466.9800000000002,467.3900000000002,6629
2026-08-28T16:00:00+00:00,467.3900000000002,472.0300000000002,465.2100000000002,471.4200000000002,7688
2026-08-28T17:00:00+00:00,471.4200000000002,473.2200000000002,468.8900000000002,471.2500000000002,4961
2026-08-28T18:00:00+00:00,471.2500000000002,471.62000000000023,468.3500000000002,468.6700000000002,4134
2026-08-28T19:00:00+00:00,468.6700000000002,470.0900000000002,465.1000000000002,465.5000000000002,6626
2026-08-31T13:00:00+00:00,465.5000000000002,475.1400000000002,463.5300000000002,470.68000000000023,5064
2026-08-31T14:00:00+00:00,470.68000000000023,473.6300000000002,467.0700000000002,468.2800000000002,5643
2026-08-31T15:00:00+00:00,468.2800000000002,469.18000000000023,465.37000000000023,465.6300000000002,4252
2026-08-31T16:00:00+00:00,465.6300000000002,469.1100000000002,465.0400000000002,469.0100000000002,3431
2026-08-31T17:00:00+00:00,469.0100000000002,469.3400000000002,466.74000000000024,468.2700000000002,2537
2026-08-31T18:00:00+00:00,468.2700000000002,469.4500000000002,466.6400000000002,467.1700000000002,2742
2026-08-31T19:00:00+00:00,467.1700000000002,471.5000000000002,466.93000000000023,469.9000000000002,4589
2026-09-01T13:00:00+00:00,469.9000000000002,469.9000000000002,452.93000000000023,458.2500000000002,4352
2026-09-01T14:00:00+00:00,458.2500000000002,458.9800000000002,452.1600000000002,456.93000000000023,6308
2026-09-01T15:00:00+00:00,456.93000000000023,461.2900000000002,456.3500000000002,459.7600000000002,4343
2026-09-01T16:00:00+00:00,459.7600000000002,460.0200000000002,454.9000000000002,458.56000000000023,4079
2026-09-01T17:00:00+00:00,458.56000000000023,458.6700000000002,454.8800000000002,455.43000000000023,3329
2026-09-01T18:00:00+00:00,455.43000000000023,456.3200000000002,453.62000000000023,456.18000000000023,3658
2026-09-01T19:00:00+00:00,456.18000000000023,460.2900000000002,455.8900000000002,459.56000000000023,5864
